"term","estimate","std.error","conf.low","conf.high"
"(Intercept)",0.00602883346761547,0.000417119330689298,0.00534427382759556,0.00672533356989138
"wood_typering-porous",-0.00596405367257936,0.000564347024993653,-0.00691802118496861,-0.00504600240473849
"wood_typediffuse-porous:climwinmean",-0.000296839743664905,3.09729288989178e-05,-0.000349656459443098,-0.000246091980631331
"wood_typering-porous:climwinmean",0.00020757730967234,2.54330628228247e-05,0.000165126882033918,0.000249432472613358
