"term","estimate","std.error","conf.low","conf.high"
"(Intercept)",0.00352691232917361,0.000473013250160088,0.00276351380812186,0.0043112464463512
"wood_typering-porous",-0.000507862007942778,0.000556180610768025,-0.00142788943226309,0.000399175594520362
"wood_typediffuse-porous:climwinmean",-5.32241298817427e-05,2.38424835563503e-05,-9.29322859203387e-05,-1.42211314258789e-05
"wood_typering-porous:climwinmean",-6.22081197815489e-06,2.25509082970028e-05,-4.319279410631e-05,3.01707171590295e-05
