"term","estimate","std.error","conf.low","conf.high"
"(Intercept)",0.0060326985381921,0.00042790005699404,0.0053339100830041,0.00672555818023006
"wood_typering-porous",-0.00596949803797912,0.000567135598184789,-0.00692887551761,-0.00502908151449011
"wood_typediffuse-porous:climwinmean",-0.000296709111049797,3.21108535698403e-05,-0.000348767904284575,-0.000244554659110969
"wood_typering-porous:climwinmean",0.000207238421034403,2.5550071318929e-05,0.000165275167136811,0.000249503117354431
