"term","estimate","std.error","conf.low","conf.high"
"(Intercept)",0.00352236767286973,0.000467245664410976,0.00276103262227046,0.00427579080564304
"wood_typering-porous",-0.00278770533701414,0.000668254088761003,-0.00387723902743919,-0.00169347072629058
"wood_typediffuse-porous:climwinmean",-5.32246273130707e-05,2.41996872019046e-05,-9.14938387791468e-05,-1.43526017380713e-05
"wood_typering-porous:climwinmean",0.000116451774111898,2.45906760107258e-05,7.57907887312211e-05,0.000156563952437739
