term,estimate,std.error,conf.low,conf.high
(Intercept),0.003372494,0.00046836,0.00260798,0.004128195
wood_typering-porous,-0.002604543,0.00067064,-0.003717523,-0.001496662
wood_typediffuse-porous:climwinmean,-4.60E-05,2.37E-05,-8.45E-05,-7.58E-06
wood_typering-porous:climwinmean,0.000114712,2.47E-05,7.42E-05,0.000155353
