"term","estimate","std.error","conf.low","conf.high"
"(Intercept)",0.00379580768102441,0.000277480234781452,0.00334747348334982,0.00424157970229872
"wood_typering-porous",-0.000758310884860626,0.000420158221875269,-0.00145080089540283,-6.51703618315648e-05
"wood_typediffuse-porous:climwinmean",-0.000120401883907653,1.91117043567698e-05,-0.00015179838243289,-8.8889175136727e-05
"wood_typering-porous:climwinmean",-2.77717111564599e-06,2.37381040847145e-05,-4.14145938708793e-05,3.61206339942549e-05
