"term","estimate","std.error","conf.low","conf.high"
"(Intercept)",0.00602263142219972,0.000429166790184848,0.00530613956280149,0.00671198937376049
"wood_typering-porous",-0.00597318839277082,0.00056585285944614,-0.00689164637062193,-0.00504726801146711
"wood_typediffuse-porous:climwinmean",-0.000296394551029645,3.20771557399266e-05,-0.000349040838649725,-0.000241992272714894
"wood_typering-porous:climwinmean",0.000207357205973871,2.60065874711329e-05,0.000166015396660545,0.000249276473023098
