"term","estimate","std.error","conf.low","conf.high"
"(Intercept)",0.00669718972717766,0.00043424758031416,0.00598036622151758,0.00739743436357046
"wood_typering-porous",4.83240469241201e-05,0.00128004483729712,-0.00205769909065204,0.00213232839187513
"wood_typediffuse-porous:climwinmean",-0.000211937771896765,2.11720454551276e-05,-0.000246108867979893,-0.000176817671769025
"wood_typering-porous:climwinmean",-0.000290426883261551,9.13383230361252e-05,-0.000442142796657149,-0.000139317149899198
