"term","estimate","std.error","conf.low","conf.high"
"(Intercept)",0.00533600676835764,0.000638984540784676,0.00429472432471832,0.00639076954236736
"wood_typering-porous",-0.00509998529313551,0.000851485498991584,-0.00652995083401805,-0.00368787665453061
"wood_typediffuse-porous:climwinmean",-0.000229637171742222,4.5973309531327e-05,-0.000305808544346257,-0.000152555816596028
"wood_typering-porous:climwinmean",0.000190639067228248,3.77437052475391e-05,0.000127724694352785,0.000253032571376912
