"term","estimate","std.error","conf.low","conf.high"
"(Intercept)",0.00665740292438052,0.00041661578167365,0.00597153796346608,0.00736661809993816
"wood_typering-porous",-0.000252820750272485,0.00126322003748845,-0.0023535961063863,0.00180910299961431
"wood_typediffuse-porous:climwinmean",-0.00021054467573513,2.08059105178066e-05,-0.000244797926962859,-0.000176982418084658
"wood_typering-porous:climwinmean",-0.000265325735729015,9.25431440975083e-05,-0.000412838095633182,-0.000115691695413059
