"term","estimate","std.error","conf.low","conf.high"
"(Intercept)",0.00531990781080046,0.000636829422055814,0.00428283305447432,0.00635449565431553
"wood_typering-porous",-0.00510235940919204,0.000877329083138587,-0.00651541015953394,-0.00367414127835504
"wood_typediffuse-porous:climwinmean",-0.00022670930388342,4.6899600394573e-05,-0.000302203463082614,-0.00015093830813903
"wood_typering-porous:climwinmean",0.000192739471060958,3.86180847800064e-05,0.000128631007516987,0.000256095018362093
