"term","estimate","std.error","conf.low","conf.high"
"(Intercept)",0.00603361789101311,0.000416540851552588,0.00535189129085181,0.00672631137391296
"wood_typering-porous",-0.00597299945304896,0.000563543612720875,-0.00689878601333526,-0.00504694900332464
"wood_typediffuse-porous:climwinmean",-0.00029777205437695,3.12873804225427e-05,-0.000349456424561884,-0.000245162326487675
"wood_typering-porous:climwinmean",0.000207483339128328,2.52607169762765e-05,0.000166078739707203,0.000250076567615231
