"term","estimate","std.error","conf.low","conf.high"
"(Intercept)",0.0038001657578798,0.000268969124128398,0.00335628083508124,0.00424039430766311
"wood_typering-porous",-0.000749544171431541,0.000425739460785558,-0.00144002568350756,-5.22219305199297e-05
"wood_typediffuse-porous:climwinmean",-0.000120103587398601,1.89487121700787e-05,-0.000151418473012337,-8.90372165112339e-05
"wood_typering-porous:climwinmean",-2.83506096201801e-06,2.38128917787646e-05,-4.15508377715093e-05,3.52268260239365e-05
