"term","estimate","std.error","conf.low","conf.high"
"(Intercept)",0.00183871209308116,0.000197680256347425,0.00151206857592198,0.00216768186041057
"wood_typering-porous",0.00443987755122656,0.00126384197093282,0.00238100180238798,0.00650543249134951
"wood_typediffuse-porous:climwinmean",3.5190600472222e-05,8.7245356924904e-06,2.06881333146311e-05,4.93672474643405e-05
"wood_typering-porous:climwinmean",-0.000256206545665093,9.55665000570639e-05,-0.000412758705046424,-0.000101525090015713
