"term","estimate","std.error","conf.low","conf.high"
"(Intercept)",0.00352740959737386,0.00046912389448566,0.00275434109065564,0.00429777562824102
"wood_typering-porous",-0.00287602448566064,0.000681235248173489,-0.00395978993548846,-0.00176888985435105
"wood_typediffuse-porous:climwinmean",-5.28944425671475e-05,2.37169421650168e-05,-9.29010043154172e-05,-1.36776736165217e-05
"wood_typering-porous:climwinmean",0.000120955965302479,2.52091936131753e-05,8.00308103055191e-05,0.00016187155510366
