"term","estimate","std.error","conf.low","conf.high"
"(Intercept)",0.00362857842374695,0.000380763668281121,0.00298827231872787,0.00426763902897205
"wood_typering-porous",-0.00211450666204144,0.000609814723805847,-0.00314742652493603,-0.00109502611758548
"wood_typediffuse-porous:climwinmean",-7.10152910511893e-05,1.86783775448493e-05,-0.000102739176470895,-3.98143334952412e-05
"wood_typering-porous:climwinmean",7.7131710771514e-05,2.29699157359031e-05,3.91940374717085e-05,0.000116145483705123
