"term","estimate","std.error","conf.low","conf.high"
"(Intercept)",0.0033322937006198,0.000472706269004189,0.00258343703333843,0.00411320766031042
"wood_typering-porous",-0.00267608447305371,0.000662048097820342,-0.00377306259925127,-0.00161079709062587
"wood_typediffuse-porous:climwinmean",-4.4270918564486e-05,2.41401636670404e-05,-8.40830006905479e-05,-5.37941273878096e-06
"wood_typering-porous:climwinmean",0.000120776331786517,2.46606180939478e-05,8.02027488292117e-05,0.000161466459604957
