"term","estimate","std.error","conf.low","conf.high"
"(Intercept)",0.00602764245140586,0.000423494869842614,0.00534043986991879,0.00673594816493316
"wood_typering-porous",-0.00594856202740298,0.000554744691949712,-0.00691180449583706,-0.00503555882440107
"wood_typediffuse-porous:climwinmean",-0.000296628122814301,3.30869964144596e-05,-0.00035011666109329,-0.000243480814601401
"wood_typering-porous:climwinmean",0.000207083245028523,2.55258054418061e-05,0.000164494330904471,0.000249159692572843
