"term","estimate","std.error","conf.low","conf.high"
"(Intercept)",0.00333835053463794,0.000455223524199658,0.00257818714944227,0.00408712988194476
"wood_typering-porous",-0.00268030174754986,0.000660090257376459,-0.00377400325539595,-0.0016079797157278
"wood_typediffuse-porous:climwinmean",-4.50180030974513e-05,2.33546755322185e-05,-8.2747261167762e-05,-5.34894881517749e-06
"wood_typering-porous:climwinmean",0.000120266809388953,2.3964258929128e-05,8.15447958915226e-05,0.000159974297000346
