"term","estimate","std.error","conf.low","conf.high"
"(Intercept)",0.00667344590366812,0.000422102953725242,0.00597369928589785,0.00735204953788971
"wood_typering-porous",-0.000176831633705833,0.00127023940885923,-0.00234259614309291,0.00184458226330838
"wood_typediffuse-porous:climwinmean",-0.000211778478019248,2.06532964019279e-05,-0.000245299591229813,-0.000177621339743658
"wood_typering-porous:climwinmean",-0.000270983286516023,9.12325266764039e-05,-0.000416573175430405,-0.000121503959943659
