"term","estimate","std.error","conf.low","conf.high"
"(Intercept)",0.00536641206911012,0.000632622197050709,0.0043197647078646,0.00640661535435585
"wood_typering-porous",-0.00512495761881254,0.000851170801718383,-0.00654172467202128,-0.00373367164545108
"wood_typediffuse-porous:climwinmean",-0.000230377687668098,4.58208641712835e-05,-0.00030566952467698,-0.000153855613440774
"wood_typering-porous:climwinmean",0.000191151999279102,3.84102373781216e-05,0.000127032733133928,0.000254693091805059
