term,estimate,std.error,conf.low,conf.high
(Intercept),0.00664848,0.000416486,0.005958154,0.007367108
wood_typering-porous,0.000140913,0.001278509,-0.001887421,0.002211149
wood_typediffuse-porous:climwinmean,-0.00021029,2.06E-05,-0.000244272,-0.000176361
wood_typering-porous:climwinmean,-0.000295765,9.16E-05,-0.000446548,-0.000148972
