"term","estimate","std.error","conf.low","conf.high"
"(Intercept)",0.0038141845019644,0.000270248751503463,0.00336722168295333,0.00423448607051228
"wood_typering-porous",-0.000768101292393399,0.000418255404715811,-0.00145551775838472,-7.5435657659877e-05
"wood_typediffuse-porous:climwinmean",-0.000121932710997736,1.87637422115572e-05,-0.000151220314086174,-9.06275461302027e-05
"wood_typering-porous:climwinmean",-2.86939131590314e-06,2.32246869874521e-05,-4.16329955263217e-05,3.48340090490877e-05
