"term","estimate","std.error","conf.low","conf.high"
"(Intercept)",0.00601812378819444,0.000418735377054612,0.00538270721208289,0.00666912242650901
"wood_typering-porous",-0.00596116402218928,0.000523092667979159,-0.00684754716663389,-0.00503936361320917
"wood_typediffuse-porous:climwinmean",-0.000295866368952711,3.00853015689969e-05,-0.000344078597861942,-0.000249074759912758
"wood_typering-porous:climwinmean",0.000206969064377416,2.37333633495199e-05,0.000165402400800006,0.000250855130869865
