"term","estimate","std.error","conf.low","conf.high"
"(Intercept)",0.00527555894482913,0.000605460674734809,0.00426973017034243,0.0062585901574866
"wood_typering-porous",-0.00612875684281849,0.000763776769781195,-0.00738271032292819,-0.00482387076751086
"wood_typediffuse-porous:climwinmean",-0.000223660672106093,4.42336435183205e-05,-0.000295225388338689,-0.000150453823649613
"wood_typering-porous:climwinmean",0.000247729821207595,3.04234981437127e-05,0.000197323714215821,0.000297410758348298
