"term","estimate","std.error","conf.low","conf.high"
"(Intercept)",0.00529650240932995,0.000629499959784146,0.00427336969637976,0.0063433758184792
"wood_typering-porous",-0.00504240716918504,0.000866889519702869,-0.00644856826205851,-0.00362035602100544
"wood_typediffuse-porous:climwinmean",-0.0002257251257004,4.56671380393956e-05,-0.000301388847650405,-0.000150905409152249
"wood_typering-porous:climwinmean",0.000188157840902927,3.82246161728329e-05,0.000124825167122381,0.00025159217020505
