"term","estimate","std.error","conf.low","conf.high"
"(Intercept)",0.00113802036543266,0.00116821879563518,-0.000771596614805794,0.00306992963707186
"wood_typering-porous",0.00462582588982403,0.00122800522562068,0.00257114113671878,0.00663057223540069
"wood_typediffuse-porous:climwinmean",0.000243296597818899,5.98374023622431e-05,0.000145088474514172,0.000341110749778979
"wood_typering-porous:climwinmean",-0.000122358265843271,2.55311743718859e-05,-0.000164538475080038,-8.10267522053729e-05
