"term","estimate","std.error","conf.low","conf.high"
"(Intercept)",0.00945323694459567,0.001522877642247,0.00693132824556938,0.0119423749639068
"wood_typering-porous",-0.004258276537289,0.00162686114226567,-0.0069223429841941,-0.00157482744388186
"wood_typediffuse-porous:climwinmean",-0.000223109243479903,8.97708298103377e-05,-0.000370864996319557,-7.47609107367795e-05
"wood_typering-porous:climwinmean",-5.22321042901087e-05,3.78560526630658e-05,-0.000115127544874606,1.06989439204722e-05
