term,estimate,std.error,conf.low,conf.high
(Intercept),0.001936211,0.001580068,-0.000742779,0.004588028
wood_typering-porous,0.003191595,0.001651881,0.00044042,0.005912806
wood_typediffuse-porous:climwinmean,0.000196456,8.06E-05,6.18E-05,0.000332011
wood_typering-porous:climwinmean,-7.58E-05,2.67E-05,-0.000119034,-3.35E-05
