"term","estimate","std.error","conf.low","conf.high"
"(Intercept)",0.00155710546854865,0.00111421920407148,-0.000326232727027799,0.0034051975496108
"wood_typering-porous",0.00131254135588097,0.00147999613452752,-0.00106411722594502,0.00372309931314178
"wood_typediffuse-porous:climwinmean",0.000176874159309422,4.61870484470408e-05,0.000102236283166302,0.000253439913625553
"wood_typering-porous:climwinmean",5.70235003853148e-05,4.01149422437904e-05,-7.64270813202567e-06,0.000123004839655862
