"term","estimate","std.error","conf.low","conf.high"
"(Intercept)",0.00199888066701492,0.00191832292124628,-0.00108746564047992,0.00521853085341764
"wood_typering-porous",0.00285675554391166,0.00195223780067847,-0.000413799450163697,0.00602907251200891
"wood_typediffuse-porous:climwinmean",0.000195083306349492,9.84652167682641e-05,3.16329624043329e-05,0.000352182429993926
"wood_typering-porous:climwinmean",-4.73888517433623e-05,3.07201532074814e-05,-9.6910799258362e-05,2.31643171886083e-06
