"term","estimate","std.error","conf.low","conf.high"
"(Intercept)",0.00735867723936433,0.00289472726328781,0.00285114976614641,0.0121367240591905
"wood_typering-porous",-0.00230375857866961,0.00283085219201617,-0.00756701046669151,0.00255786822422341
"wood_typediffuse-porous:climwinmean",-8.17253911673337e-05,0.00016884071663741,-0.000370220822630537,0.000197980555776982
"wood_typering-porous:climwinmean",-3.63504214378588e-05,7.77089323625006e-05,-0.000160445281779423,8.52091013004422e-05
