"term","estimate","std.error","conf.low","conf.high"
"(Intercept)",0.00543872639442101,0.0014054343259733,0.00306913162823224,0.00765984914842628
"wood_typering-porous",-0.00226217328210426,0.00191710510954131,-0.00538880765961967,0.00089925954217256
"wood_typediffuse-porous:climwinmean",2.57432030400823e-05,7.11857363500695e-05,-8.76937087160232e-05,0.000146305235252964
"wood_typering-porous:climwinmean",6.95136891025359e-05,6.75177453176696e-05,-4.20704377929764e-05,0.000183870206522452
