"term","estimate","std.error","conf.low","conf.high"
"(Intercept)",0.00728910440228336,0.00289089922840776,0.00258528979910394,0.0119840106677026
"wood_typering-porous",-0.00226546652318327,0.00307146796918257,-0.00738390839141301,0.00270435575047923
"wood_typediffuse-porous:climwinmean",-7.60536781384613e-05,0.000172665632799844,-0.000358003170077586,0.000205824367083937
"wood_typering-porous:climwinmean",-3.63803074730591e-05,7.4617604371687e-05,-0.000158304277166479,8.75280330640314e-05
