"term","estimate","std.error","conf.low","conf.high"
"(Intercept)",0.00157110876529822,0.00113285581539699,-0.000311584300278139,0.00342150344338881
"wood_typering-porous",-7.85113979726607e-05,0.00165564280601976,-0.00276886807994902,0.00259036421735366
"wood_typediffuse-porous:climwinmean",0.000220174691386171,5.75070239355658e-05,0.000125116258954039,0.000316813245739705
"wood_typering-porous:climwinmean",0.000153268124716547,5.94545427815686e-05,5.66586683823839e-05,0.000249526846240264
