"term","estimate","std.error","conf.low","conf.high"
"(Intercept)",0.00941997145487688,0.00146792365332202,0.00696553984821898,0.0118423646139802
"wood_typering-porous",-0.00424129221801167,0.00159822025847254,-0.00681856172231543,-0.00157970123002759
"wood_typediffuse-porous:climwinmean",-0.00022145433286963,8.69161221271253e-05,-0.000363913217314835,-7.61944668586434e-05
"wood_typering-porous:climwinmean",-5.29734706663607e-05,3.74058595795042e-05,-0.000114754696219718,9.05367603701512e-06
