term,estimate,std.error,conf.low,conf.high
(Intercept),0.00142956,0.001114077,-0.000398589,0.003303995
wood_typering-porous,0.001313952,0.001475903,-0.001110931,0.003765427
wood_typediffuse-porous:climwinmean,0.000181982,4.58E-05,0.000106845,0.000257233
wood_typering-porous:climwinmean,6.24E-05,3.84E-05,-2.16E-06,0.000126467
