"term","estimate","std.error","conf.low","conf.high"
"(Intercept)",0.00386022820628172,0.00150940442659307,0.00139797170532495,0.00631920924717593
"wood_typering-porous",0.00111229931582609,0.0018036749204363,-0.00176097390562182,0.00402989103369691
"wood_typediffuse-porous:climwinmean",9.92095545727478e-05,7.85893246315878e-05,-2.78072270487605e-05,0.000227662355278244
"wood_typering-porous:climwinmean",-3.34157523114896e-05,5.29870800058758e-05,-0.00012044101280965,5.09352736018733e-05
