"term","estimate","std.error","conf.low","conf.high"
"(Intercept)",0.00145448571871843,0.00136698921956439,-0.000770378743221074,0.0036811220408823
"wood_typering-porous",0.00233167434698707,0.00178231452730459,-0.000577471484591335,0.0052722147953553
"wood_typediffuse-porous:climwinmean",0.000181506029624411,5.63235760356654e-05,9.06823769048411e-05,0.000272998344620383
"wood_typering-porous:climwinmean",2.05840426843038e-05,4.72263861476899e-05,-5.5109335348454e-05,9.75720247898282e-05
