"term","estimate","std.error","conf.low","conf.high"
"(Intercept)",0.00604909433739745,0.00152019972227976,0.00341918483338226,0.00856189265963022
"wood_typering-porous",-0.00298546965396083,0.00213707206224373,-0.00658368203928094,0.000487318151845561
"wood_typediffuse-porous:climwinmean",1.56799655427076e-06,7.82501452736629e-05,-0.000128273017315342,0.000133091172142869
"wood_typering-porous:climwinmean",7.61696789560188e-05,7.76628916619743e-05,-5.02200132446732e-05,0.000203665466162528
