"term","estimate","std.error","conf.low","conf.high"
"(Intercept)",0.00831856116968975,0.00174265734808974,0.00546258365051019,0.0111471320957161
"wood_typering-porous",-0.00300928526552597,0.00204631141852366,-0.00630730453217454,0.000346609075298474
"wood_typediffuse-porous:climwinmean",-0.000119490830157867,9.03094509889712e-05,-0.000265937920575689,2.83112076405023e-05
"wood_typering-porous:climwinmean",-4.72140944464687e-05,5.92957296184456e-05,-0.000146038518518747,5.21291781008086e-05
