"term","estimate","std.error","conf.low","conf.high"
"(Intercept)",0.00561564443705647,0.00436001169944631,-0.00174073131379745,0.0128725322194205
"wood_typering-porous",-0.000925261429727418,0.00447601556127663,-0.00834393270700169,0.00667908131797042
"wood_typediffuse-porous:climwinmean",5.26473074456859e-05,0.000222198217226743,-0.00031395280554891,0.000430721566786833
"wood_typering-porous:climwinmean",-3.11350376181961e-05,7.288824685273e-05,-0.000150604220933309,8.95045851475542e-05
