"term","estimate","std.error","conf.low","conf.high"
"(Intercept)",0.00347469304600362,0.001472378521585,0.00106947616808254,0.00585868561433692
"wood_typering-porous",-0.00215700652239745,0.00165155582561174,-0.00487696408133722,0.000496400432426412
"wood_typediffuse-porous:climwinmean",0.00011889504589181,7.63240488740362e-05,-6.36117934839646e-06,0.000243479458141225
"wood_typering-porous:climwinmean",0.000151298403020222,3.36050730607149e-05,9.70683480486725e-05,0.000205646436099296
