"term","estimate","std.error","conf.low","conf.high"
"(Intercept)",0.00732113368377418,0.00270530952237874,0.00282270054847864,0.0120379943117765
"wood_typering-porous",-0.00229544690543879,0.00298128553653789,-0.00723243373082476,0.0025884433981023
"wood_typediffuse-porous:climwinmean",-7.83579989137498e-05,0.000161061286440985,-0.000353279609477551,0.000193773863827055
"wood_typering-porous:climwinmean",-3.79522189540751e-05,7.77328318048207e-05,-0.000161130154999794,8.83304543504279e-05
