"term","estimate","std.error","conf.low","conf.high"
"(Intercept)",0.00728090866062337,0.00284462000190808,0.00265662855544272,0.0119930795707932
"wood_typering-porous",-0.00225620027949259,0.00309119024548473,-0.00735155722303658,0.00274932116694247
"wood_typediffuse-porous:climwinmean",-7.44356453782351e-05,0.000170610351162308,-0.000357549867616547,0.000203383224981771
"wood_typering-porous:climwinmean",-3.57458275943127e-05,7.47803254672785e-05,-0.000158543584080154,8.67785181007902e-05
