"term","estimate","std.error","conf.low","conf.high"
"(Intercept)",0.00574491627336583,0.00314538164803041,0.000550007806880553,0.01092315928727
"wood_typering-porous",-0.00201905106852637,0.0040878417071565,-0.00878685477730229,0.00477950117710838
"wood_typediffuse-porous:climwinmean",3.89229914674237e-05,0.000130880146691786,-0.000175563646369869,0.000255741347852671
"wood_typering-porous:climwinmean",2.92916973212771e-05,0.000111576565604075,-0.000155656459743035,0.000209610474233811
