"term","estimate","std.error","conf.low","conf.high"
"(Intercept)",0.00806310937145777,0.00159354356423237,0.00554783060028136,0.0106252108899205
"wood_typering-porous",-0.00272170690903642,0.00182546853515781,-0.00567381096015998,0.000220539014833422
"wood_typediffuse-porous:climwinmean",-0.000112601761418114,8.23751278027429e-05,-0.000243371761273753,1.76439383805474e-05
"wood_typering-porous:climwinmean",-4.9767753369704e-05,5.21362242482339e-05,-0.000136449872587789,3.53116724644059e-05
