"term","estimate","std.error","conf.low","conf.high"
"(Intercept)",0.0073110874964727,0.00287157507491565,0.00264791314391447,0.0120168223936957
"wood_typering-porous",-0.00231872035536542,0.00312325358174622,-0.0074025681218896,0.00276896446337231
"wood_typediffuse-porous:climwinmean",-7.65155054848766e-05,0.000171766089298536,-0.000360819961739411,0.000202646221637576
"wood_typering-porous:climwinmean",-3.45055633214665e-05,7.65697535198044e-05,-0.000161218665544142,9.1486939062211e-05
