"term","estimate","std.error","conf.low","conf.high"
"(Intercept)",0.00731751788985495,0.00268910046814148,0.00281782965807047,0.0117557641016811
"wood_typering-porous",-0.00224501384680741,0.00286844871771987,-0.00714795523152893,0.00264578439802237
"wood_typediffuse-porous:climwinmean",-7.68081784611814e-05,0.000163260027530495,-0.000344921010496215,0.000195464794879894
"wood_typering-porous:climwinmean",-3.57381351653089e-05,7.60766121443708e-05,-0.000160665460192653,8.69566358385307e-05
