"term","estimate","std.error","conf.low","conf.high"
"(Intercept)",0.00200798245476312,0.00161475504563928,-0.000678383556817972,0.00457595599641981
"wood_typering-porous",0.00249512940891973,0.0016753185677381,-0.0001338773449831,0.00522347792684032
"wood_typediffuse-porous:climwinmean",0.000194114933373773,8.27988639293249e-05,6.21306829075892e-05,0.000330983640940609
"wood_typering-porous:climwinmean",-1.99129847046104e-05,1.66198336074352e-05,-4.70017862622313e-05,7.43505327045465e-06
