"term","estimate","std.error","conf.low","conf.high"
"(Intercept)",0.00203599948343622,0.00192880110870391,-0.00116057047636617,0.00522433471010181
"wood_typering-porous",0.00224336975892141,0.00194569078149076,-0.00102765090789913,0.00549379745039186
"wood_typediffuse-porous:climwinmean",0.000193614988281165,9.82223536975267e-05,3.04773985071499e-05,0.000357697606564363
"wood_typering-porous:climwinmean",2.05791401538363e-06,2.08090512695994e-05,-3.19098613593528e-05,3.53325897491458e-05
