term,estimate,std.error,conf.low,conf.high
(Intercept),228.2584945,5.536883549,219.1743802,237.3094864
wood_typering-porous,-97.90884479,16.68860698,-126.0643867,-69.7922645
wood_typediffuse-porous:climwinmean,-2.298996583,0.269928697,-2.746363481,-1.854112567
wood_typering-porous:climwinmean,2.074230784,1.224439135,0.041083331,4.108138804
