"term","estimate","std.error","conf.low","conf.high"
"(Intercept)",218.990019944376,5.09440334925171,210.737531183745,227.290925225668
"wood_typering-porous",-27.3484811289064,6.7353914369703,-38.3302065702984,-16.3812861813121
"wood_typediffuse-porous:climwinmean",-2.78451070726626,0.390366953779856,-3.41492126427722,-2.14715710062753
"wood_typering-porous:climwinmean",-2.16784681899573,0.313237466748536,-2.6760036001742,-1.64855494512787
