"term","estimate","std.error","conf.low","conf.high"
"(Intercept)",218.949550802009,5.0559415037765,210.898255519996,227.162924346367
"wood_typering-porous",-27.1371323997699,6.94566903876988,-38.13876159851,-16.2781577302881
"wood_typediffuse-porous:climwinmean",-2.77257875368585,0.386151111334912,-3.4045710896094,-2.15006229970458
"wood_typering-porous:climwinmean",-2.17066411663231,0.314606965392556,-2.68098051008074,-1.6735471683913
