"term","estimate","std.error","conf.low","conf.high"
"(Intercept)",183.59113344456,2.37065058977303,179.646009498831,187.241918204826
"wood_typering-porous",-21.5069677891451,3.37503484667828,-26.7213265750412,-15.8783630959979
"wood_typediffuse-porous:climwinmean",-1.8355232171393,0.338569737083314,-2.41337739672935,-1.23202474867925
"wood_typering-porous:climwinmean",-1.70628490970667,0.362329899723117,-2.28656499930656,-1.12156218450246
