"term","estimate","std.error","conf.low","conf.high"
"(Intercept)",255.922178994685,5.40659228706854,247.151844257342,264.664763895032
"wood_typering-porous",-86.6789095867467,7.54689371524495,-99.1464466878685,-73.872226463265
"wood_typediffuse-porous:climwinmean",-3.85099152200374,0.274680041381201,-4.30291454305621,-3.40217732148215
"wood_typering-porous:climwinmean",-0.641353362840619,0.290937635489562,-1.10893295533915,-0.15232310602275
