"term","estimate","std.error","conf.low","conf.high"
"(Intercept)",232.85857584854,7.5714348109936,220.09891069367,245.389886889198
"wood_typering-porous",-54.0080799093891,8.93920719017719,-68.9259433692921,-38.9643437202629
"wood_typediffuse-porous:climwinmean",-3.18265810415596,0.397628350827298,-3.84095766068982,-2.50994443744843
"wood_typering-porous:climwinmean",-1.58976123084156,0.277920700841452,-2.05221141174051,-1.13167097144735
