"term","estimate","std.error","conf.low","conf.high"
"(Intercept)",200.86259857423,9.74632127004139,184.454055904745,217.196323196813
"wood_typering-porous",-96.555426798813,12.8139050018135,-117.78237886754,-75.4839183436694
"wood_typediffuse-porous:climwinmean",-1.19652498250538,0.408613922344591,-1.87405104350018,-0.515657692534304
"wood_typering-porous:climwinmean",1.6280893121657,0.355389877492519,1.05792619900308,2.18945880228661
