"term","estimate","std.error","conf.low","conf.high"
"(Intercept)",241.91323725581,12.722560148115,221.248881254202,262.707934831293
"wood_typering-porous",-90.4612838899262,12.8583768213718,-111.707502304265,-69.6659911128771
"wood_typediffuse-porous:climwinmean",-3.59135931116028,0.648707702895348,-4.66600971710002,-2.52521284075216
"wood_typering-porous:climwinmean",-0.541732821926081,0.135939826591353,-0.759221698411628,-0.312006143940364
