"term","estimate","std.error","conf.low","conf.high"
"(Intercept)",240.915251451169,4.09386212937881,234.095348509164,247.697395418508
"wood_typering-porous",-35.3457760398838,6.33988516217384,-45.6954423249739,-24.7032736605366
"wood_typediffuse-porous:climwinmean",-2.95431885466754,0.206037786469842,-3.29695951260632,-2.61133901529883
"wood_typering-porous:climwinmean",-2.30245833595302,0.247826089478034,-2.71307955787791,-1.88887544382852
