"term","estimate","std.error","conf.low","conf.high"
"(Intercept)",231.829444787165,5.68839454720535,222.037811953907,241.528831042664
"wood_typering-porous",-99.279408322127,17.217855727291,-128.011482725719,-70.8870705100073
"wood_typediffuse-porous:climwinmean",-2.48305614365009,0.282750701185437,-2.95671414832786,-2.00508264993114
"wood_typering-porous:climwinmean",1.89327270611993,1.23582181880584,-0.191255409630532,3.96528906007613
