"term","estimate","std.error","conf.low","conf.high"
"(Intercept)",234.422929193049,7.84639810018201,221.381650280888,247.570316420813
"wood_typering-porous",-80.2282782548072,8.75647201859182,-94.7408469154121,-65.7774179513131
"wood_typediffuse-porous:climwinmean",-3.25407871392432,0.409472301423328,-3.94175506689711,-2.57674352309943
"wood_typering-porous:climwinmean",-0.118236402111213,0.181109522152992,-0.414570267530271,0.183863444096257
