"term","estimate","std.error","conf.low","conf.high"
"(Intercept)",254.721686706504,5.47986957174538,245.641423476599,263.947311647751
"wood_typering-porous",-83.5797987401888,7.8724974836672,-96.3931381556942,-70.8010880303955
"wood_typediffuse-porous:climwinmean",-3.77298229570376,0.282472718816583,-4.2422402315051,-3.31069436671122
"wood_typering-porous:climwinmean",-0.729552988466452,0.301259773455733,-1.21539669109749,-0.23029161328535
