"term","estimate","std.error","conf.low","conf.high"
"(Intercept)",205.052166740697,7.95859695120311,192.241963493352,218.147108884819
"wood_typering-porous",-24.6332346690362,10.9950514671445,-42.9995052710298,-6.48446727507737
"wood_typediffuse-porous:climwinmean",-1.68130505214848,0.406355768433024,-2.35572440453897,-1.02259038250218
"wood_typering-porous:climwinmean",-1.4846935430896,0.388585761604255,-2.1448562803027,-0.834370306377141
