"term","estimate","std.error","conf.low","conf.high"
"(Intercept)",205.663305408715,8.1117113128797,192.389624327502,219.279536277172
"wood_typering-porous",-25.1657089789062,11.335971518196,-44.2927088745897,-6.54980271902304
"wood_typediffuse-porous:climwinmean",-1.73426316349283,0.417007110243146,-2.43526200027695,-1.05141436029449
"wood_typering-porous:climwinmean",-1.48681331980805,0.401861951904092,-2.14348504090511,-0.817812560511654
