"term","estimate","std.error","conf.low","conf.high"
"(Intercept)",255.85591683581,5.50070089900354,246.933309970999,264.872840816466
"wood_typering-porous",-86.0164121806908,7.70374542665656,-98.6577023733525,-73.8880526094355
"wood_typediffuse-porous:climwinmean",-3.84989565271373,0.283513419359364,-4.30395598377569,-3.39948557717188
"wood_typering-porous:climwinmean",-0.663127986212952,0.282338734004781,-1.12443145153439,-0.196410133003599
