"term","estimate","std.error","conf.low","conf.high"
"(Intercept)",201.443736241611,3.01758966270966,196.428486374679,206.380950649209
"wood_typering-porous",-32.7698267314167,4.7319314039081,-40.5851489989326,-25.0258951404114
"wood_typediffuse-porous:climwinmean",-1.39402293912527,0.222541200484555,-1.76582799708198,-1.02888165001265
"wood_typering-porous:climwinmean",-0.600725023382432,0.278487879179941,-1.05098437205556,-0.137835059790672
