"term","estimate","std.error","conf.low","conf.high"
"(Intercept)",219.097170810047,4.95757953581002,210.752118708717,227.269832818974
"wood_typering-porous",-27.4050484730381,6.61261154793728,-38.3564230671233,-16.4617589603797
"wood_typediffuse-porous:climwinmean",-2.78475726220336,0.379584870064887,-3.41730403625376,-2.14138742389617
"wood_typering-porous:climwinmean",-2.16587793576527,0.314064428871662,-2.68579336933666,-1.65244923879286
