"term","estimate","std.error","conf.low","conf.high"
"(Intercept)",274.727967999657,6.83600787354637,263.23783937279,285.567077762186
"wood_typering-porous",-63.507538335391,9.26832930879756,-78.9199263007821,-48.073408659677
"wood_typediffuse-porous:climwinmean",-6.746250020984,0.500346068918043,-7.54266317368081,-5.90566416808342
"wood_typering-porous:climwinmean",-3.45321143093785,0.419259286674164,-4.15175244313196,-2.76111016476122
