term,estimate,std.error,conf.low,conf.high
(Intercept),239.0230866,13.21327782,217.1151922,260.3687408
wood_typering-porous,-75.2266498,13.39616573,-97.14552696,-52.66547922
wood_typediffuse-porous:climwinmean,-3.447852484,0.681029293,-4.551655176,-2.329167045
wood_typering-porous:climwinmean,-1.768148471,0.213720448,-2.114313384,-1.427376276
