"term","estimate","std.error","conf.low","conf.high"
"(Intercept)",218.714910161978,4.95998399432269,210.530434516679,227.749067025322
"wood_typering-porous",-26.9820214648429,7.08762759977257,-38.4782459474496,-15.6496299574894
"wood_typediffuse-porous:climwinmean",-2.77454460658854,0.400104260625165,-3.42229048381251,-2.1143184937498
"wood_typering-porous:climwinmean",-2.17991577891079,0.315831882762309,-2.69306477906142,-1.65443799623598
