"term","estimate","std.error","conf.low","conf.high"
"(Intercept)",219.240017339539,8.27267470303021,206.007225008046,233.046164455316
"wood_typering-porous",-56.4838876179825,8.87185011954725,-71.1938450630659,-42.2307532634295
"wood_typediffuse-porous:climwinmean",-2.80495037172805,0.495411423514837,-3.6221088707197,-2.00291736886331
"wood_typering-porous:climwinmean",-0.743011608935785,0.206455181635657,-1.07939557907128,-0.401154038667085
