"term","estimate","std.error","conf.low","conf.high"
"(Intercept)",202.073387918123,9.15808921814175,187.402443589174,216.777710024707
"wood_typering-porous",-90.5991627946132,11.7300535421838,-109.591423029405,-70.7542251844975
"wood_typediffuse-porous:climwinmean",-1.24876202151473,0.380719500327225,-1.85766716314028,-0.635337374665623
"wood_typering-porous:climwinmean",1.36854112321653,0.314223189795873,0.838267145471874,1.88798289871773
