"term","estimate","std.error","conf.low","conf.high"
"(Intercept)",276.476963301473,7.17003571536272,264.714030585845,288.078350372853
"wood_typering-porous",-66.2665089359488,9.42101878360931,-81.8060191366797,-50.5112106017632
"wood_typediffuse-porous:climwinmean",-6.86911700536817,0.527098627058694,-7.71718387289559,-6.00670185897337
"wood_typering-porous:climwinmean",-3.41027656656768,0.435685887171513,-4.12494442712002,-2.67407530136278
