"term","estimate","std.error","conf.low","conf.high"
"(Intercept)",229.346976799607,5.34169347219213,220.470978365332,238.04262608363
"wood_typering-porous",-102.219607222111,16.2796263327586,-128.5953736894,-74.372449723495
"wood_typediffuse-porous:climwinmean",-2.36595626793105,0.262480963452881,-2.79443225783074,-1.92755864495852
"wood_typering-porous:climwinmean",2.30564363894641,1.19300819486072,0.322546371841509,4.21799036086298
