"term","estimate","std.error","conf.low","conf.high"
"(Intercept)",239.665948026297,13.4527928130694,217.712414784534,262.038715735861
"wood_typering-porous",-76.1177173362426,13.6311886415627,-98.7421987938329,-53.6564436331302
"wood_typediffuse-porous:climwinmean",-3.47692805570431,0.685736023115258,-4.630055530792,-2.34609388324033
"wood_typering-porous:climwinmean",-1.77881976389282,0.219915792161104,-2.14261133702247,-1.41153148802859
