"term","estimate","std.error","conf.low","conf.high"
"(Intercept)",197.792500248782,10.4254409011938,180.666015682156,214.684737314986
"wood_typering-porous",-91.0070387837457,13.4428932414173,-113.060721665512,-68.8094653097116
"wood_typediffuse-porous:climwinmean",-1.09819857023573,0.435310213312176,-1.80091811100661,-0.381681166384531
"wood_typering-porous:climwinmean",1.51465040500217,0.37041202092456,0.902730897173955,2.12881237055405
