"term","estimate","std.error","conf.low","conf.high"
"(Intercept)",225.67209168662,7.8191435604487,212.981540287282,238.391201270489
"wood_typering-porous",-62.7823912038161,8.393002432311,-76.4458187404763,-49.2339360923163
"wood_typediffuse-porous:climwinmean",-3.16501651796551,0.464216845555347,-3.91882049540796,-2.40468399032409
"wood_typering-porous:climwinmean",-0.744183852198649,0.209075598933599,-1.08552885884267,-0.400683136312387
