"term","estimate","std.error","conf.low","conf.high"
"(Intercept)",225.663354758774,7.78659267442399,212.881286770882,238.240747501418
"wood_typering-porous",-62.9310280096292,8.49103186368164,-76.5783582578743,-49.1220811643912
"wood_typediffuse-porous:climwinmean",-3.16317873982797,0.464885464184575,-3.92330840157158,-2.39815576668193
"wood_typering-porous:climwinmean",-0.744468364228283,0.210055949750258,-1.08934786197305,-0.399327415363141
