"term","estimate","std.error","conf.low","conf.high"
"(Intercept)",225.42137819295,7.93138390858795,212.786691910438,238.979173818772
"wood_typering-porous",-62.7174325066656,8.70981342478773,-77.2423307476702,-48.5180101965128
"wood_typediffuse-porous:climwinmean",-3.14166770108861,0.497042793143696,-3.96787692776535,-2.37568996301
"wood_typering-porous:climwinmean",-0.744868148247984,0.201859859232866,-1.08004905814655,-0.410327676541743
