"term","estimate","std.error","conf.low","conf.high"
"(Intercept)",219.68998091242,8.12247736555703,206.094560430666,233.243844325572
"wood_typering-porous",-56.9321595049083,8.57930524188318,-71.4133233555741,-42.2674542233567
"wood_typediffuse-porous:climwinmean",-2.82366052941582,0.480448237319544,-3.6241194128786,-2.0079723368094
"wood_typering-porous:climwinmean",-0.744106928044582,0.205950313391433,-1.08102652056671,-0.398579750022469
