"term","estimate","std.error","conf.low","conf.high"
"(Intercept)",243.420678735335,14.4598038728892,219.784985878627,267.181204278732
"wood_typering-porous",-77.9775022173979,14.5799680996228,-102.429690842425,-53.9940524215891
"wood_typediffuse-porous:climwinmean",-3.69567369740972,0.743778972001079,-4.92131284261283,-2.4810959637672
"wood_typering-porous:climwinmean",-1.91888086668324,0.234442456012353,-2.30772417166029,-1.52760454479441
