"term","estimate","std.error","conf.low","conf.high"
"(Intercept)",234.943009377698,9.06171664907487,220.236104827773,249.554244051724
"wood_typering-porous",-58.684637747372,10.3573063333079,-75.6480523032359,-41.7049956075232
"wood_typediffuse-porous:climwinmean",-3.26839562550454,0.470849058702314,-4.0314023533577,-2.50778061658798
"wood_typering-porous:climwinmean",-1.43453898285435,0.292921354061963,-1.91909802672204,-0.933992175232597
