"term","estimate","std.error","conf.low","conf.high"
"(Intercept)",207.845611309743,8.94762712399312,192.967310030186,222.837597914894
"wood_typering-porous",-41.5321639573441,9.27974296088538,-57.3208198317937,-26.0192666664117
"wood_typediffuse-porous:climwinmean",-1.8658287266386,0.470967790648983,-2.65311077644249,-1.09098100146254
"wood_typering-porous:climwinmean",-1.78804220349453,0.199031381322442,-2.11446203851318,-1.45975640375228
