"term","estimate","std.error","conf.low","conf.high"
"(Intercept)",258.552510342681,5.55007269323904,249.275831762322,267.94444313893
"wood_typering-porous",-87.9819732177768,8.01743409032657,-101.680332435547,-74.5617059230461
"wood_typediffuse-porous:climwinmean",-3.98186781997358,0.288786645990654,-4.46192931104608,-3.49943559321968
"wood_typering-porous:climwinmean",-0.701371438701223,0.308701196407251,-1.20549368408371,-0.197689818296928
