term,estimate,std.error,conf.low,conf.high
(Intercept),255.8559168,5.500700899,246.93331,264.8728408
wood_typering-porous,-86.01641218,7.703745427,-98.65770237,-73.88805261
wood_typediffuse-porous:climwinmean,-3.849895653,0.283513419,-4.303955984,-3.399485577
wood_typering-porous:climwinmean,-0.663127986,0.282338734,-1.124431452,-0.196410133
