"term","estimate","std.error","conf.low","conf.high"
"(Intercept)",225.474970311415,8.0001096436736,212.741714836841,238.748206639881
"wood_typering-porous",-63.0306177578394,8.51031863448992,-76.8201940446457,-48.9115360321433
"wood_typediffuse-porous:climwinmean",-3.15502314574928,0.476720309918857,-3.96048528773259,-2.39304213283078
"wood_typering-porous:climwinmean",-0.743525339667374,0.207690290238522,-1.08011726786232,-0.402328118754978
