"term","estimate","std.error","conf.low","conf.high"
"(Intercept)",201.998948990637,3.15287911684953,196.966271955113,207.111259342764
"wood_typering-porous",-33.4651864683449,4.80382153445868,-41.0226514535041,-25.5378438557293
"wood_typediffuse-porous:climwinmean",-1.43507940641039,0.233714780654351,-1.81298054213851,-1.06007843072242
"wood_typering-porous:climwinmean",-0.602776476360303,0.280872662444801,-1.0680267658521,-0.139208326661478
