"term","estimate","std.error","conf.low","conf.high"
"(Intercept)",202.38777262768,8.94811086669737,188.205492093649,216.987035568972
"wood_typering-porous",-88.9821128917851,11.4244394100847,-108.151867516987,-70.0551289411745
"wood_typediffuse-porous:climwinmean",-1.25761800898522,0.374702847711148,-1.86417752979276,-0.668216394790686
"wood_typering-porous:climwinmean",1.29086044740009,0.317540157614754,0.765556635367653,1.81333582302534
