"term","estimate","std.error","conf.low","conf.high"
"(Intercept)",210.368860547241,6.2910136025083,200.226560964791,220.742729250411
"wood_typering-porous",-30.3625991971127,9.03228279457071,-45.0353111121257,-15.8287546449432
"wood_typediffuse-porous:climwinmean",-1.98922635059391,0.326934087410637,-2.53688725911033,-1.45901184164743
"wood_typering-porous:climwinmean",-1.47309292581594,0.32811085377449,-2.02295556842421,-0.933456302442164
