"term","estimate","std.error","conf.low","conf.high"
"(Intercept)",225.574292032349,7.75364371576646,212.873165274401,238.241916071928
"wood_typering-porous",-62.7890225016208,8.52104920279396,-77.0230184080652,-48.7337342971177
"wood_typediffuse-porous:climwinmean",-3.1608143094946,0.470477445909321,-3.91892080038737,-2.39113410127355
"wood_typering-porous:climwinmean",-0.744611793524208,0.212439724260318,-1.09675808046264,-0.394292315644238
