"term","estimate","std.error","conf.low","conf.high"
"(Intercept)",218.966605404489,4.91384392611179,210.819349099919,227.200345486815
"wood_typering-porous",-27.2153868919878,6.61311187075954,-37.98615139793,-16.5207036673376
"wood_typediffuse-porous:climwinmean",-2.779107288012,0.379389947742077,-3.40853692853494,-2.16117263839118
"wood_typering-porous:climwinmean",-2.17010061558092,0.302355757869137,-2.68284706074673,-1.66410116213255
