"term","estimate","std.error","conf.low","conf.high"
"(Intercept)",255.780729961695,5.36874704721604,247.135422372273,264.528608703665
"wood_typering-porous",-90.5799885851948,6.27003317299075,-100.830402924923,-80.1330182250386
"wood_typediffuse-porous:climwinmean",-3.84501421047903,0.275691360929399,-4.288701642588,-3.39987174289789
"wood_typering-porous:climwinmean",-0.627000156523,0.260983927617274,-1.05199343958561,-0.202871173519546
