"term","estimate","std.error","conf.low","conf.high"
"(Intercept)",201.913782719699,3.38581798398757,196.489002362028,207.373036809432
"wood_typering-porous",-33.1361631363983,5.10255001516606,-41.5730696815034,-24.6669492822104
"wood_typediffuse-porous:climwinmean",-1.45835072626559,0.250809585398425,-1.86659673108212,-1.05314534978494
"wood_typering-porous:climwinmean",-0.596739586668781,0.304145789132167,-1.08358579509911,-0.102350460068448
