"term","estimate","std.error","conf.low","conf.high"
"(Intercept)",185.783442828398,2.50592678036414,181.644770054393,189.894938260203
"wood_typering-porous",-60.3268807548791,16.2720990807626,-86.7461487438582,-35.0051889499255
"wood_typediffuse-porous:climwinmean",-0.170048138555835,0.116301485615415,-0.36122699184405,0.0214217675588947
"wood_typering-porous:climwinmean",2.42941236689052,1.22192478303344,0.488503066334919,4.43795049930406
