"term","estimate","std.error","conf.low","conf.high"
"(Intercept)",227.643718631793,5.54253033823712,218.511045432829,236.760969326339
"wood_typering-porous",-95.7767377713313,16.8582230688382,-123.952987038855,-67.7847015334275
"wood_typediffuse-porous:climwinmean",-2.26682249550262,0.276591716662015,-2.71696817921179,-1.81607092509219
"wood_typering-porous:climwinmean",1.94574127533896,1.22030176901089,-0.0977899112858221,3.95529036466572
