"term","estimate","std.error","conf.low","conf.high"
"(Intercept)",273.983359817366,6.83365401092503,262.789692675212,285.160305490087
"wood_typering-porous",-60.4410920805273,8.70385416296823,-74.6718302111119,-46.3400530534931
"wood_typediffuse-porous:climwinmean",-6.67138227084324,0.501189989053192,-7.4847516447071,-5.84892474114155
"wood_typering-porous:climwinmean",-3.38078170901685,0.341953682867045,-3.94967952506632,-2.81029525529302
