"term","estimate","std.error","conf.low","conf.high"
"(Intercept)",277.296869678683,7.56746781225454,264.768810881783,289.750881810868
"wood_typering-porous",-67.5600207939023,10.2255620897892,-84.4707047577013,-51.0877794973177
"wood_typediffuse-porous:climwinmean",-6.95914043291612,0.556014794526145,-7.8644611274421,-6.03818966589829
"wood_typering-porous:climwinmean",-3.34656115702376,0.48311897705031,-4.12030085249356,-2.56416706953944
