"term","estimate","std.error","conf.low","conf.high"
"(Intercept)",241.763659391291,12.4245136608875,221.485524676742,261.962780787671
"wood_typering-porous",-90.8244357044006,12.6042198655889,-111.419452753225,-70.1938894857977
"wood_typediffuse-porous:climwinmean",-3.57765366897156,0.63810621117778,-4.62373691612107,-2.55357532555462
"wood_typering-porous:climwinmean",-0.499500167483846,0.132494292268595,-0.721163875249121,-0.276955677619875
