term,estimate,std.error,conf.low,conf.high
(Intercept),199.6962558,9.865201517,183.260305,215.6908122
wood_typering-porous,-93.90069832,12.98555043,-115.1782415,-72.83084492
wood_typediffuse-porous:climwinmean,-1.157017262,0.417258616,-1.819265998,-0.469149529
wood_typering-porous:climwinmean,1.57997413,0.345781799,1.008334867,2.163787676
