"term","estimate","std.error","conf.low","conf.high"
"(Intercept)",234.356012566992,9.22051661919992,219.117503885424,249.52091935737
"wood_typering-porous",-57.863414277783,10.58332936949,-75.575610539677,-40.7984344435755
"wood_typediffuse-porous:climwinmean",-3.2546561930386,0.479851515236048,-4.04140954401931,-2.46136330614299
"wood_typering-porous:climwinmean",-1.43912306990305,0.312332112624364,-1.94550399589486,-0.930728167282264
