"term","estimate","std.error","conf.low","conf.high"
"(Intercept)",218.907911456727,5.01498570990583,211.049596649734,226.836522612584
"wood_typering-porous",-27.5441658614839,6.73948094486296,-38.0847502556222,-16.4989394824136
"wood_typediffuse-porous:climwinmean",-2.77172520080157,0.38079851749848,-3.40457496753963,-2.18497211220661
"wood_typering-porous:climwinmean",-2.16092613613572,0.295457696422184,-2.63242381846865,-1.64841237506787
