"term","estimate","std.error","conf.low","conf.high"
"(Intercept)",225.661846131821,7.70510906106964,213.089904010307,238.30043751965
"wood_typering-porous",-62.9539988246846,8.35149679666311,-76.5218518487012,-49.3907447433028
"wood_typediffuse-porous:climwinmean",-3.16433193391896,0.461585990723652,-3.92523667603221,-2.39871031750019
"wood_typering-porous:climwinmean",-0.744901986039227,0.212202215088115,-1.08671856060899,-0.390592393241438
