"term","estimate","std.error","conf.low","conf.high"
"(Intercept)",-33.4260744259014,5.79391429293458,-43.1668444341529,-23.9055178944872
"wood_typering-porous",87.452429121795,17.2757894339282,58.6159556587884,116.809089607227
"wood_typediffuse-porous:climwinmean",3.46262408947638,0.289284126282627,2.98716533903682,3.95296034261785
"wood_typering-porous:climwinmean",-0.204423787836249,1.2588837299347,-2.26220238268974,1.84239305384046
