"term","estimate","std.error","conf.low","conf.high"
"(Intercept)",18.0113796908626,3.73108570556562,11.8368722003967,23.9217153399036
"wood_typering-porous",46.4603328327229,5.90379352828132,36.7264911040164,56.041768498882
"wood_typediffuse-porous:climwinmean",1.33993308009819,0.282241476569707,0.883758253472847,1.80520715180242
"wood_typering-porous:climwinmean",-0.778983574807116,0.346892679912651,-1.34668042784934,-0.207051042713309
