"term","estimate","std.error","conf.low","conf.high"
"(Intercept)",24.5864949249899,8.95617775802994,9.74977261008579,39.2824208792863
"wood_typering-porous",85.3540940646516,11.4927787449001,66.6593442938226,104.261569186723
"wood_typediffuse-porous:climwinmean",0.791624414368245,0.659664882703315,-0.289863015555012,1.88270326360109
"wood_typering-porous:climwinmean",-3.55835825472413,0.462092796422779,-4.30791382711621,-2.80285222559668
