"term","estimate","std.error","conf.low","conf.high"
"(Intercept)",-33.4855727736717,5.62331124359368,-42.8035821486938,-23.9943601662569
"wood_typering-porous",90.5493049011085,17.173057881833,62.276522175723,118.881699101527
"wood_typediffuse-porous:climwinmean",3.45202551461447,0.28408373431913,2.97356850014441,3.91979281728637
"wood_typering-porous:climwinmean",-0.435652980137993,1.26629643805583,-2.5074853463993,1.61741639135925
