term,estimate,std.error,conf.low,conf.high
(Intercept),13.6353056,6.192303714,3.418096626,23.86066772
wood_typering-porous,77.41763179,9.014036399,62.59361482,92.58966705
wood_typediffuse-porous:climwinmean,1.097107842,0.322865226,0.564054821,1.635670668
wood_typering-porous:climwinmean,-2.094018271,0.338006016,-2.652960078,-1.53342681
