term,estimate,std.error,conf.low,conf.high
(Intercept),-33.2100689,5.562516071,-42.40833919,-24.1646161
wood_typering-porous,83.94060548,16.66311522,56.18928908,111.7133397
wood_typediffuse-porous:climwinmean,3.428709484,0.27734088,2.974659662,3.888512328
wood_typering-porous:climwinmean,0.047794234,1.213432859,-1.987792515,2.072608926
