"term","estimate","std.error","conf.low","conf.high"
"(Intercept)",14.3483489509015,5.82694479793246,4.69023674355945,24.6219513975913
"wood_typering-porous",75.4312504731835,8.3200775464317,61.4084872451848,88.9767597489278
"wood_typediffuse-porous:climwinmean",1.64305200136077,0.445165730199039,0.857986502290984,2.39534132175585
"wood_typering-porous:climwinmean",-2.48141465108469,0.394692561461511,-3.1148361229838,-1.83687229393166
