"term","estimate","std.error","conf.low","conf.high"
"(Intercept)",15.7393110342768,6.15908118784034,5.53129949469316,25.7607494749311
"wood_typering-porous",76.6195315874029,8.86050081857774,61.7785682694761,91.7448684646147
"wood_typediffuse-porous:climwinmean",1.01356960443515,0.320347251506497,0.488769438949995,1.5505538689355
"wood_typering-porous:climwinmean",-2.16539960784294,0.33462563707749,-2.72916639740345,-1.59232502862626
