"term","estimate","std.error","conf.low","conf.high"
"(Intercept)",11.1647882943392,6.25530465111037,0.828368494312035,21.4532259903412
"wood_typering-porous",80.817204755288,9.05704770593671,66.103358504365,95.4041046316751
"wood_typediffuse-porous:climwinmean",1.22505163132093,0.324271649517054,0.691854991544386,1.76216094951722
"wood_typering-porous:climwinmean",-2.12645302633839,0.335190453210602,-2.68289805906596,-1.57461800270666
