"term","estimate","std.error","conf.low","conf.high"
"(Intercept)",10.641087860196,6.12317682798164,0.623983608737352,20.8814648069568
"wood_typering-porous",32.8521421141252,7.27920915282153,20.9349792773463,44.7429186518828
"wood_typediffuse-porous:climwinmean",1.25049789070771,0.319441590983802,0.716826700186291,1.77026588298883
"wood_typering-porous:climwinmean",0.627566641099694,0.307679536530931,0.12775195014772,1.1284851434363
