"term","estimate","std.error","conf.low","conf.high"
"(Intercept)",36.4431745553223,2.41667094134809,32.5113071977372,40.4035756361029
"wood_typering-porous",27.9388109200793,17.0543281820077,-0.196190226973971,56.6901343592324
"wood_typediffuse-porous:climwinmean",-0.106866112511169,0.124957241644637,-0.310776805608006,0.0930478076868338
"wood_typering-porous:climwinmean",-0.976008333429989,1.28586422837542,-3.16703971280417,1.131399709237
