"term","estimate","std.error","conf.low","conf.high"
"(Intercept)",14.3343404712421,6.146048119317,4.48085091417515,24.5096310555321
"wood_typering-porous",75.6239104400728,8.33757122577796,61.7706005037738,88.6659185382695
"wood_typediffuse-porous:climwinmean",1.64131498458817,0.477408147493202,0.842579987822685,2.40620918304075
"wood_typering-porous:climwinmean",-2.48323847079707,0.385052968681594,-3.11441101848719,-1.83540749018003
