"term","estimate","std.error","conf.low","conf.high"
"(Intercept)",24.0180764247163,8.87134667813826,9.4296594975987,38.5751398566829
"wood_typering-porous",93.4607310524721,12.2253028390195,73.4802330877628,113.53043831724
"wood_typediffuse-porous:climwinmean",0.835861643391896,0.653730946536068,-0.239363498139673,1.90781193578737
"wood_typering-porous:climwinmean",-4.34022582600505,0.572630563446666,-5.28728113733619,-3.4079424537889
