"term","estimate","std.error","conf.low","conf.high"
"(Intercept)",23.9492696836492,8.96706892385556,9.12294954241207,38.769973654742
"wood_typering-porous",93.051157787916,11.9146430537489,73.3994977500614,112.847472459213
"wood_typediffuse-porous:climwinmean",0.839413993216051,0.660871924126781,-0.257501656398029,1.93420078245066
"wood_typering-porous:climwinmean",-4.29385841884176,0.557762135383064,-5.21978063142377,-3.39486487831651
