"term","estimate","std.error","conf.low","conf.high"
"(Intercept)",14.4062333854483,6.09642601511976,4.16978491009177,24.7274555471123
"wood_typering-porous",75.484821776421,8.33999772363197,61.7370262950564,88.9039475280189
"wood_typediffuse-porous:climwinmean",1.6338214006024,0.477176806665458,0.834622395885994,2.42452025791826
"wood_typering-porous:climwinmean",-2.48585521597229,0.408096378343854,-3.13917428924719,-1.8341233506715
