"term","estimate","std.error","conf.low","conf.high"
"(Intercept)",17.7321233480176,3.61406517240187,11.6372374724091,23.7683993483094
"wood_typering-porous",46.8932650721783,5.64483519037423,37.5671083157817,56.2868026492305
"wood_typediffuse-porous:climwinmean",1.35800444665193,0.276607508078487,0.902223775022489,1.82156270152779
"wood_typering-porous:climwinmean",-0.786611282406228,0.337617108106525,-1.3340164902428,-0.227928244488474
