"term","estimate","std.error","conf.low","conf.high"
"(Intercept)",10.94653447366,6.38255189102471,0.799199158491842,21.1757339078422
"wood_typering-porous",81.8056495346751,8.858017187624,67.3565123214006,96.1122880825886
"wood_typediffuse-porous:climwinmean",1.23185672556284,0.329082220249171,0.702944395329229,1.757242915858
"wood_typering-porous:climwinmean",-2.17951253494882,0.338277156891275,-2.73144112209596,-1.62012062108534
