"term","estimate","std.error","conf.low","conf.high"
"(Intercept)",-33.7770883741758,5.63722894414474,-42.8705357514552,-24.5910077267198
"wood_typering-porous",90.554213687742,16.7525195453251,62.0345289227394,118.314325386392
"wood_typediffuse-porous:climwinmean",3.45399580447293,0.280465842903855,2.99272920544693,3.91494238061098
"wood_typering-porous:climwinmean",-0.397324266828545,1.21799182037753,-2.39870766535499,1.6797532776634
