"term","estimate","std.error","conf.low","conf.high"
"(Intercept)",17.8000991844678,3.69816910636329,11.8475773087568,23.8467771047148
"wood_typering-porous",46.5903393748511,5.82105807435658,37.1639729383925,56.0834223098827
"wood_typediffuse-porous:climwinmean",1.34917523045866,0.278594653739766,0.895157800475599,1.80504709598773
"wood_typering-porous:climwinmean",-0.782659523547176,0.345587039981997,-1.34956868197064,-0.205694107943069
