"term","estimate","std.error","conf.low","conf.high"
"(Intercept)",14.9244295278083,6.36663274906785,4.53434661171166,25.3539647067216
"wood_typering-porous",77.7721237344776,9.07472937529583,62.9509808685314,92.6126418274714
"wood_typediffuse-porous:climwinmean",1.04194590383057,0.329994259394152,0.493709328660484,1.58444551274666
"wood_typering-porous:climwinmean",-2.18130891124549,0.342016541390967,-2.75928668475202,-1.61672142744678
