"term","estimate","std.error","conf.low","conf.high"
"(Intercept)",14.3025938874326,6.0755901412442,4.51782044126093,24.6329934787612
"wood_typering-porous",75.5222071069374,8.23720015312217,62.1781041728534,88.8715085163359
"wood_typediffuse-porous:climwinmean",1.63892082413367,0.473877921328263,0.835979281745179,2.40285198853043
"wood_typering-porous:climwinmean",-2.49716971034225,0.395364247875568,-3.12772955615551,-1.8435728254219
