"term","estimate","std.error","conf.low","conf.high"
"(Intercept)",32.1331853999782,5.34636958481348,23.2546690838164,41.0965287629261
"wood_typering-porous",72.8591050940009,8.35697327156757,59.114476098345,86.4454024566556
"wood_typediffuse-porous:climwinmean",0.162658086893436,0.272670290565216,-0.28979126761705,0.614722200549172
"wood_typering-porous:climwinmean",-2.59231085648146,0.336214338090837,-3.14390572049601,-2.03346221526311
