"term","estimate","std.error","conf.low","conf.high"
"(Intercept)",23.6010178340895,9.15602711246253,8.74109478004097,38.4778241578765
"wood_typering-porous",94.360333107438,12.1243743111323,74.2645328387246,114.614519520609
"wood_typediffuse-porous:climwinmean",0.865220613389016,0.67752136698155,-0.234983752914161,1.95599817041509
"wood_typering-porous:climwinmean",-4.37582568249349,0.567653832288736,-5.28996127403386,-3.4555156179834
