"term","estimate","std.error","conf.low","conf.high"
"(Intercept)",14.3702517239563,6.18869114589306,4.32154853034023,24.5226158873268
"wood_typering-porous",75.4763399025092,8.2499709182218,61.8462406877929,88.8430306897192
"wood_typediffuse-porous:climwinmean",1.63412805484456,0.480318925381079,0.845498063502649,2.41904627040171
"wood_typering-porous:climwinmean",-2.47929071687979,0.397889132338536,-3.12866531482991,-1.84300694712904
