"term","estimate","std.error","conf.low","conf.high"
"(Intercept)",14.596508008124,6.21233399312356,4.18045695995068,24.2006623489369
"wood_typering-porous",75.6341445250788,8.35443984651124,61.6711929618984,90.1701088940797
"wood_typediffuse-porous:climwinmean",1.62854490680806,0.48275232773034,0.872747706542007,2.44075350097516
"wood_typering-porous:climwinmean",-2.50149577437314,0.405956293781884,-3.11614791848764,-1.8540290086363
