"term","estimate","std.error","conf.low","conf.high"
"(Intercept)",38.8271454197025,9.78814019808142,22.580284640348,55.2328832149098
"wood_typering-porous",0.157775530513108,11.5819407148305,-19.0337474951214,19.1540056824696
"wood_typediffuse-porous:climwinmean",-0.154294022773777,0.515624479810944,-1.01915330358136,0.710912383599755
"wood_typering-porous:climwinmean",0.989777057660367,0.356017496794321,0.396163349155377,1.57251780138303
