"term","estimate","std.error","conf.low","conf.high"
"(Intercept)",37.2905418547989,2.70419832199306,32.8425433346853,41.8299984405957
"wood_typering-porous",32.8585529321346,4.01303774822807,26.2640084519444,39.4769711835559
"wood_typediffuse-porous:climwinmean",-0.218127685264564,0.425943437016258,-0.927830212690372,0.481509749298715
"wood_typering-porous:climwinmean",-2.35798273405107,0.454439870583836,-3.11398579266959,-1.60957852551343
