"term","estimate","std.error","conf.low","conf.high"
"(Intercept)",43.8095669912516,11.4699147414105,25.1511660319746,62.5408169407513
"wood_typering-porous",5.64874900692381,11.4668663819997,-13.4025313616401,24.6340618866856
"wood_typediffuse-porous:climwinmean",-0.452453760202929,0.59295737819585,-1.41976483715689,0.506227743319375
"wood_typering-porous:climwinmean",0.514693389887926,0.123106860583882,0.316648084395879,0.717437042871531
