"term","estimate","std.error","conf.low","conf.high"
"(Intercept)",41.0255148033309,9.92636492203334,25.0686713710143,56.9799661041479
"wood_typering-porous",48.3636133018917,10.8683757260647,30.6463095225315,66.2988117397769
"wood_typediffuse-porous:climwinmean",-0.264545549685321,0.522055418827039,-1.10027541920121,0.572023516074052
"wood_typering-porous:climwinmean",-1.61521317990174,0.225256747888749,-1.97879700703201,-1.23898903280145
