term,estimate,std.error,conf.low,conf.high
(Intercept),41.31752644,11.46917314,22.499802,59.90737158
wood_typering-porous,-3.004836875,11.64142929,-21.9024996,16.26617911
wood_typediffuse-porous:climwinmean,-0.321316726,0.58649862,-1.273604754,0.647318369
wood_typering-porous:climwinmean,1.605812227,0.182645183,1.302592985,1.909134342
