"term","estimate","std.error","conf.low","conf.high"
"(Intercept)",29.289859219346,10.3462933483591,12.2544894504495,46.3232037224758
"wood_typering-porous",6.0566392483528,11.9759000672712,-13.5911044251268,25.6157613883874
"wood_typediffuse-porous:climwinmean",0.327012522003803,0.539017809744645,-0.563804819453783,1.21711255763161
"wood_typering-porous:climwinmean",1.13657362363181,0.353013038221477,0.557118397288559,1.70121821885299
