"term","estimate","std.error","conf.low","conf.high"
"(Intercept)",56.574121040737,8.64523312251372,42.3903506054841,70.6057711840313
"wood_typering-porous",30.3594531703508,11.3060628400319,12.0028729471915,48.8934088397488
"wood_typediffuse-porous:climwinmean",-0.869644863237527,0.362782339228945,-1.45407295387941,-0.276622121513882
"wood_typering-porous:climwinmean",-1.24726474280745,0.306958294893373,-1.76343357884331,-0.738513195992116
