"term","estimate","std.error","conf.low","conf.high"
"(Intercept)",22.851778318169,9.72968102002176,5.80572420963838,38.7946893218509
"wood_typering-porous",20.0952280189584,10.5583018807633,2.47111286731024,37.93414330341
"wood_typediffuse-porous:climwinmean",0.79121407307925,0.587071714079499,-0.173188313667443,1.80606515633152
"wood_typering-porous:climwinmean",0.887964841375555,0.253453287140493,0.450016736791448,1.32026510616072
