term,estimate,std.error,conf.low,conf.high
(Intercept),49.44819574,8.237603496,36.03958652,62.82143411
wood_typering-porous,39.07088353,10.697552,21.3858373,56.54750137
wood_typediffuse-porous:climwinmean,-0.608339831,0.342106652,-1.163509782,-0.043615379
wood_typering-porous:climwinmean,-1.319246901,0.290589963,-1.79364461,-0.846077462
