"term","estimate","std.error","conf.low","conf.high"
"(Intercept)",51.0877303490038,8.20497365725133,37.3320013980967,65.1096965131968
"wood_typering-porous",36.4397675871412,11.0285071234308,18.2736048920267,54.4562425452384
"wood_typediffuse-porous:climwinmean",-0.667149138063103,0.341809634895374,-1.25095150229975,-0.0909563323525414
"wood_typering-porous:climwinmean",-1.27575633773858,0.303274453145981,-1.76396852579444,-0.786135432209983
