"term","estimate","std.error","conf.low","conf.high"
"(Intercept)",30.0341698348789,10.8204951838956,12.1398091702359,47.6532621144099
"wood_typering-porous",5.6198270543196,12.4510628757658,-14.8894819728151,26.2380898216053
"wood_typediffuse-porous:climwinmean",0.291843698983969,0.563257068339542,-0.623319476111523,1.2208872739046
"wood_typering-porous:climwinmean",1.12673803746904,0.351591686680321,0.553730408572098,1.69012025244019
