"term","estimate","std.error","conf.low","conf.high"
"(Intercept)",18.2539350871768,10.2610585182997,1.44726343842772,35.2251277762834
"wood_typering-porous",24.7110034645201,10.8649306192287,6.85509055964399,42.5527203936753
"wood_typediffuse-porous:climwinmean",1.07063187820698,0.611994765723659,0.0376944928094771,2.07886359479063
"wood_typering-porous:climwinmean",0.872090254118799,0.258136124620405,0.448328312014816,1.29948254612107
