"term","estimate","std.error","conf.low","conf.high"
"(Intercept)",48.3961704688627,8.09093449383636,35.3101947402845,61.6512134367054
"wood_typering-porous",38.1161038011972,10.5616614743044,20.7086501099571,55.3477737357194
"wood_typediffuse-porous:climwinmean",-0.564060628056964,0.337355521427499,-1.11543199373851,-0.0132444745632664
"wood_typering-porous:climwinmean",-1.25654606360282,0.292292678670121,-1.73472531531365,-0.777886608094037
