"term","estimate","std.error","conf.low","conf.high"
"(Intercept)",22.7297049314268,9.65091421638676,6.6975638231015,38.1743339877754
"wood_typering-porous",20.2060495301068,10.4520238023229,3.25811432349333,37.665260209206
"wood_typediffuse-porous:climwinmean",0.801000969184365,0.579933873321481,-0.121843530937414,1.7689966662125
"wood_typering-porous:climwinmean",0.879280067018243,0.26011459913032,0.44731108479739,1.29930822333831
