"term","estimate","std.error","conf.low","conf.high"
"(Intercept)",22.235383986058,9.63320441927769,6.67816972921974,38.4914611695368
"wood_typering-porous",20.6327984476729,10.3991202103551,3.23354902038516,37.7254102862804
"wood_typediffuse-porous:climwinmean",0.823624521349402,0.58560904310217,-0.140792539108103,1.76307690060759
"wood_typering-porous:climwinmean",0.879771528411407,0.259436240108843,0.45454033744376,1.30609593257376
