"term","estimate","std.error","conf.low","conf.high"
"(Intercept)",22.7485085780108,9.62818545525077,6.79736052523723,38.2406389421549
"wood_typering-porous",20.1604088021546,10.3551598156077,3.07982716474338,37.721765996495
"wood_typediffuse-porous:climwinmean",0.806465018729489,0.582258135660535,-0.146298177132162,1.76631761790037
"wood_typering-porous:climwinmean",0.88638898349954,0.242530436817697,0.452442519536756,1.30805220455626
