"term","estimate","std.error","conf.low","conf.high"
"(Intercept)",22.6954187985112,9.47027001146724,6.61365959329181,38.2293878176471
"wood_typering-porous",20.2492200917374,9.93563774350795,3.49485574730994,37.4434967977208
"wood_typediffuse-porous:climwinmean",0.793797982400697,0.5679869069744,-0.129239997427366,1.7639936751033
"wood_typering-porous:climwinmean",0.880360660808836,0.256638712458567,0.468501740638779,1.30807110357222
