"term","estimate","std.error","conf.low","conf.high"
"(Intercept)",22.5459087552337,9.34268197800039,7.12645807940086,37.8617503783778
"wood_typering-porous",20.4196395170766,9.9312842901114,3.70694766093612,37.3599236514938
"wood_typediffuse-porous:climwinmean",0.810472358072775,0.556467711060164,-0.102388519264798,1.73805246192231
"wood_typering-porous:climwinmean",0.875284481443199,0.255902751606408,0.451128952560504,1.30077696327868
