"term","estimate","std.error","conf.low","conf.high"
"(Intercept)",42.0977105364579,11.7224995299991,22.5325982098102,61.0983777808987
"wood_typering-porous",-2.98481495606514,12.042656769836,-22.5457890743839,16.9376854771141
"wood_typediffuse-porous:climwinmean",-0.35003893888744,0.601136698824786,-1.34041799226114,0.661456494449967
"wood_typering-porous:climwinmean",1.55684516226017,0.193913470884364,1.23766827960627,1.87045316085503
