"term","estimate","std.error","conf.low","conf.high"
"(Intercept)",43.6190126804013,9.3421986458577,28.1754587495801,59.1836781233745
"wood_typering-porous",29.3958321711535,12.9025255238108,8.36276035989461,50.2251014777071
"wood_typediffuse-porous:climwinmean",-0.416409480356598,0.479510266507807,-1.21704545713947,0.377371980312654
"wood_typering-porous:climwinmean",-0.938633747628167,0.464034864415243,-1.70047051166211,-0.178977119865525
