"term","estimate","std.error","conf.low","conf.high"
"(Intercept)",51.2275985847441,7.88123138208288,38.1872480807495,63.9422139776983
"wood_typering-porous",-18.9284842127209,8.13408246153904,-32.0693768938629,-5.60319508300285
"wood_typediffuse-porous:climwinmean",-0.855631509983783,0.412313182612334,-1.52345607494402,-0.180374284255317
"wood_typering-porous:climwinmean",1.96232719873688,0.173851058972114,1.67367460426442,2.24186148227488
