"term","estimate","std.error","conf.low","conf.high"
"(Intercept)",49.8903973545573,7.64182122415661,37.5351649054829,62.7903624755543
"wood_typering-porous",44.9330030782507,10.8538596604778,27.495249212824,62.656383236986
"wood_typediffuse-porous:climwinmean",-0.73503771183608,0.400023515363046,-1.40344853642861,-0.0798873883170324
"wood_typering-porous:climwinmean",-2.03974190326662,0.40837574973035,-2.70849305313768,-1.37411934966424
