"term","estimate","std.error","conf.low","conf.high"
"(Intercept)",44.1118535059093,11.3031256335859,25.3985239682215,62.9062653771369
"wood_typering-porous",5.19354006110375,11.4517566370382,-13.8143908705628,24.0449600898693
"wood_typediffuse-porous:climwinmean",-0.471477221997107,0.584049672012618,-1.43664355523726,0.485838382785867
"wood_typering-porous:climwinmean",0.541398905500713,0.123180415508363,0.343288059414941,0.743236098256918
