"term","estimate","std.error","conf.low","conf.high"
"(Intercept)",42.2377187172421,12.1311317479719,22.5058058167673,62.4616534220771
"wood_typering-porous",-1.71992509724394,12.3725880792433,-22.3605638892063,18.7465098108079
"wood_typediffuse-porous:climwinmean",-0.324416093622446,0.62643250478352,-1.37311930995964,0.696114634354095
"wood_typering-porous:climwinmean",1.43897024885219,0.200613789542801,1.10931889211663,1.76564001482936
