"term","estimate","std.error","conf.low","conf.high"
"(Intercept)",18.4461924214338,10.2429313315581,1.86240537332112,35.4024240820913
"wood_typering-porous",24.4716343254177,10.8575023141715,6.20554601171763,42.4376039871792
"wood_typediffuse-porous:climwinmean",1.05766239229898,0.614207002335817,0.0418230690817285,2.04952944777401
"wood_typering-porous:climwinmean",0.8793774017885,0.257476389131891,0.454224190760705,1.30927682724771
