"term","estimate","std.error","conf.low","conf.high"
"(Intercept)",48.2858705776104,7.98820339586076,34.9670522714413,61.4711875264227
"wood_typering-porous",39.0126948579329,10.7720342190705,21.4303386622907,56.232239705954
"wood_typediffuse-porous:climwinmean",-0.563770070504872,0.335114948893105,-1.11506538744141,-0.00384832021515552
"wood_typering-porous:climwinmean",-1.28180855885462,0.289146654763699,-1.75507370797676,-0.804905220079154
