"term","estimate","std.error","conf.low","conf.high"
"(Intercept)",42.3909483429435,9.35193260977305,26.9054132243168,57.680013620179
"wood_typering-porous",30.5638371977236,12.9588067688979,10.1809845632831,51.9830001358838
"wood_typediffuse-porous:climwinmean",-0.352935303957285,0.480595465197063,-1.14100833866719,0.441165833931184
"wood_typering-porous:climwinmean",-0.941340408309322,0.45512561640353,-1.69068634877498,-0.192356816322286
