"term","estimate","std.error","conf.low","conf.high"
"(Intercept)",0.191064801158684,0.0532952929649602,0.100123050160941,0.280606012658323
"wood_typering-porous",-0.00898366876093253,0.0730701261590862,-0.13080239531771,0.109472298428018
"wood_typediffuse-porous:climwinmean",-0.00425469928705275,0.00389320479586954,-0.0107839754790149,0.00236952479324121
"wood_typering-porous:climwinmean",0.00796885534831397,0.00329837615851858,0.00256653407456023,0.0134878419779061
