"term","estimate","std.error","conf.low","conf.high"
"(Intercept)",0.157845742815919,0.0612545195459347,0.0529713661172251,0.258013336090044
"wood_typering-porous",0.105475660329993,0.0835570059253984,-0.0304953450126372,0.2403526179098
"wood_typediffuse-porous:climwinmean",0.0078656749838317,0.00242230783105782,0.00394890014883394,0.0118332116692345
"wood_typering-porous:climwinmean",0.00597329785573199,0.00204986538819982,0.00256170087312904,0.00932359098661346
