"term","estimate","std.error","conf.low","conf.high"
"(Intercept)",0.216389592281406,0.0369832303780904,0.155461875895184,0.277135053205511
"wood_typering-porous",-0.0828860323940084,0.0510454089699309,-0.163695578617798,0.000913164472326564
"wood_typediffuse-porous:climwinmean",-0.00644294899981755,0.00279733574509031,-0.0111409166304268,-0.00181390135344927
"wood_typering-porous:climwinmean",0.0115596604444082,0.00228192313710107,0.00788396466547136,0.0154561610587068
