"term","estimate","std.error","conf.low","conf.high"
"(Intercept)",0.250226758093814,0.0751654461569176,0.125810039378095,0.375200396747294
"wood_typering-porous",0.334448570029395,0.10635075109452,0.156519510631085,0.509205312611319
"wood_typediffuse-porous:climwinmean",0.00527649516181462,0.00375569643514004,-0.0008630916423396,0.0114304678015892
"wood_typering-porous:climwinmean",-0.00771522092104748,0.00381123200288469,-0.0138562734560078,-0.00163594114696056
