"term","estimate","std.error","conf.low","conf.high"
"(Intercept)",0.449818202863475,0.0986133368544377,0.283210009227445,0.612177238044246
"wood_typering-porous",-0.0729494589752039,0.11663382258028,-0.265230568390497,0.122402874191612
"wood_typediffuse-porous:climwinmean",-0.00432730051986045,0.00502820544430878,-0.0126116995470294,0.00410553027420395
"wood_typering-porous:climwinmean",0.00347858319236709,0.00333869462785212,-0.00192330515526926,0.00878164229765041
