"term","estimate","std.error","conf.low","conf.high"
"(Intercept)",0.384094661776325,0.0939425568883814,0.228672175440287,0.535853100756549
"wood_typering-porous",0.071861492075779,0.10219694490782,-0.0918770084144177,0.245574587881767
"wood_typediffuse-porous:climwinmean",-0.0018596479625615,0.0054011637818077,-0.0105156297901384,0.00711539325060219
"wood_typering-porous:climwinmean",-0.00136443372905084,0.00257931924196799,-0.00538738789782352,0.00274037549042385
