"term","estimate","std.error","conf.low","conf.high"
"(Intercept)",0.159483669441507,0.0615575383156743,0.059199114638331,0.261532008113905
"wood_typering-porous",0.0909683207260169,0.0823018609283511,-0.0491725813650885,0.224573440354769
"wood_typediffuse-porous:climwinmean",0.00777360359762528,0.00235638729307253,0.00381218757986715,0.0116324622166847
"wood_typering-porous:climwinmean",0.00637285163651829,0.00210805397382452,0.00299703665571829,0.00976573751450108
