"term","estimate","std.error","conf.low","conf.high"
"(Intercept)",0.515133193477469,0.0888759358243911,0.366859834449079,0.664066079472159
"wood_typering-porous",0.0793735900014758,0.121936347940432,-0.121511449475648,0.277917753992278
"wood_typediffuse-porous:climwinmean",-0.00801261950960023,0.00444652484061314,-0.0153816103754744,-0.000576069601890943
"wood_typering-porous:climwinmean",-0.00830879533399702,0.00425078652705896,-0.015235845119113,-0.00130497230334187
