"term","estimate","std.error","conf.low","conf.high"
"(Intercept)",0.186308356965835,0.0888366835368606,0.0402353352194806,0.330263608364166
"wood_typering-porous",0.180847952456035,0.0931002879064427,0.0263713123047837,0.33472643427714
"wood_typediffuse-porous:climwinmean",0.00822046946113757,0.00444226640083096,0.0011102984289693,0.0155392460547276
"wood_typering-porous:climwinmean",0.00339476289282633,0.00136858673358695,0.00119268996379214,0.00564261423148433
