"term","estimate","std.error","conf.low","conf.high"
"(Intercept)",0.216802775817378,0.0379079465506684,0.154618075864376,0.28097360114558
"wood_typering-porous",-0.0823667317309174,0.051427464165001,-0.167555097687747,-0.000871598840693623
"wood_typediffuse-porous:climwinmean",-0.00648524172876846,0.00288420914620717,-0.0113217217143289,-0.00176977307113767
"wood_typering-porous:climwinmean",0.0116230714157272,0.00231993974261506,0.00782427508799894,0.0154639773950073
