"term","estimate","std.error","conf.low","conf.high"
"(Intercept)",0.187381607684196,0.0880920496451307,0.0432947893667839,0.330620044139857
"wood_typering-porous",0.163946729888942,0.0921449080016497,0.01161792068278,0.313829487671767
"wood_typediffuse-porous:climwinmean",0.00808430783158389,0.00438765169310306,0.000872115753923751,0.0153210456871761
"wood_typering-porous:climwinmean",0.00383257362373087,0.000901370004064076,0.00236936488011564,0.00528723953134028
