"term","estimate","std.error","conf.low","conf.high"
"(Intercept)",0.22946904336642,0.0968165265151316,0.0743077853169818,0.387234143323153
"wood_typering-porous",0.22907162535662,0.108385560037348,0.0534457327450794,0.406695625435984
"wood_typediffuse-porous:climwinmean",0.00636291738815718,0.00481916372676894,-0.00158796597549653,0.0141048104708906
"wood_typering-porous:climwinmean",-0.00105169226894653,0.00208715361017211,-0.00452173936214784,0.00241538193352866
