"term","estimate","std.error","conf.low","conf.high"
"(Intercept)",0.141192852868798,0.0229810387678456,0.10351130927945,0.179429728007992
"wood_typering-porous",0.149863144000749,0.0353675084804206,0.0917309900301524,0.208286351323342
"wood_typediffuse-porous:climwinmean",-0.000566774379721469,0.001625410017175,-0.00327884893929424,0.00211677963279993
"wood_typering-porous:climwinmean",0.00063683292936059,0.00200129146616514,-0.00267581136270297,0.00394031775117865
