"term","estimate","std.error","conf.low","conf.high"
"(Intercept)",0.141188147097016,0.0225766229653127,0.103758925789998,0.177949955446531
"wood_typering-porous",0.15070088987079,0.0358406112853145,0.0919611385531715,0.209482217291605
"wood_typediffuse-porous:climwinmean",-0.00053998454842793,0.00161206097733341,-0.00321076300347717,0.00212938245929887
"wood_typering-porous:climwinmean",0.000512020965644266,0.00202521356159494,-0.00281554685428946,0.00379657964551351
