"term","estimate","std.error","conf.low","conf.high"
"(Intercept)",0.454615768579528,0.0998477384042966,0.285379611446756,0.618302217077604
"wood_typering-porous",-0.0787948470885129,0.118586500067635,-0.27253119837174,0.117728638201855
"wood_typediffuse-porous:climwinmean",-0.00485603390004789,0.00512086354169857,-0.0131812813938979,0.00375615854254461
"wood_typering-porous:climwinmean",0.00354635900028006,0.00330490740511646,-0.00185800227508882,0.00899476225126829
