"term","estimate","std.error","conf.low","conf.high"
"(Intercept)",0.140764682696772,0.0232048164693711,0.103551675556275,0.178195044288597
"wood_typering-porous",0.149561328351813,0.0358109054192576,0.0913012435689785,0.2076169333778
"wood_typediffuse-porous:climwinmean",-0.000549809994894391,0.00164535217848137,-0.00324497393765599,0.00209814628783087
"wood_typering-porous:climwinmean",0.000624375707024745,0.00202744978051667,-0.00267807917542125,0.00396119469429054
