"term","estimate","std.error","conf.low","conf.high"
"(Intercept)",0.194733283479283,0.0541584679310438,0.10659402848542,0.283137611154637
"wood_typering-porous",-0.0393166635532765,0.0692004864672335,-0.155128924300365,0.0761127568398519
"wood_typediffuse-porous:climwinmean",-0.0044497944708335,0.00392255808363116,-0.0108494597185823,0.00189937151069455
"wood_typering-porous:climwinmean",0.00920853578449707,0.00270062175125218,0.00472702165460508,0.0135525363657916
