"term","estimate","std.error","conf.low","conf.high"
"(Intercept)",0.157744454087876,0.0610029503492201,0.0554552174400316,0.259292169396519
"wood_typering-porous",0.115280367584503,0.0810551028040668,-0.0196757592159565,0.252755732568489
"wood_typediffuse-porous:climwinmean",0.00800466581973081,0.00237058803755683,0.00405501404430175,0.0120545617093901
"wood_typering-porous:climwinmean",0.00547673081907666,0.00200928332629584,0.00206509223665071,0.00885766043223734
