"term","estimate","std.error","conf.low","conf.high"
"(Intercept)",0.383072824912868,0.0958495775657431,0.2254904608824,0.539285309999708
"wood_typering-porous",0.0738948182549036,0.102807101246401,-0.0981779195078601,0.244146966806334
"wood_typediffuse-porous:climwinmean",-0.00201401931950869,0.00556393748615875,-0.0111041678310989,0.00709192038740787
"wood_typering-porous:climwinmean",-0.00139983745778841,0.00239011174822437,-0.00530796178238279,0.00251397404801577
