"term","estimate","std.error","conf.low","conf.high"
"(Intercept)",0.167895442467862,0.0234295217500041,0.129484457061455,0.207216584795124
"wood_typering-porous",0.0643275246488587,0.0283916172019394,0.0172423840990317,0.110801916458963
"wood_typediffuse-porous:climwinmean",-0.00137273559562127,0.00115512040957764,-0.00328695211210397,0.000550329060121247
"wood_typering-porous:climwinmean",0.00141759352345701,0.00106785871762253,-0.000336031723842858,0.00317392607745124
