"term","estimate","std.error","conf.low","conf.high"
"(Intercept)",0.237275097940057,0.0941364584915249,0.0841753842439816,0.389212795435503
"wood_typering-porous",0.136680401172611,0.111986469742301,-0.0465978499421808,0.320012617424493
"wood_typediffuse-porous:climwinmean",0.00600834323488652,0.00478109396845538,-0.00161883319128956,0.0137043691002117
"wood_typering-porous:climwinmean",0.00369398162432722,0.00334086421387959,-0.00191128782110657,0.0092542294514803
