"term","estimate","std.error","conf.low","conf.high"
"(Intercept)",0.0927996763848581,0.0114233457460436,0.0740532304636826,0.111423939136635
"wood_typering-porous",0.50520635393838,0.0611159389629162,0.404552918735361,0.607181624593979
"wood_typediffuse-porous:climwinmean",0.00253752901254631,0.000412901205864292,0.00187537143952139,0.00322568658068757
"wood_typering-porous:climwinmean",-0.0266471712266355,0.00458885892422292,-0.0342496859383227,-0.0191861873402993
