"term","estimate","std.error","conf.low","conf.high"
"(Intercept)",0.198009507194484,0.0877601181132545,0.0567247402012818,0.339802010528528
"wood_typering-porous",0.167938940196723,0.0922163605735953,0.0172468160507751,0.318129915866013
"wood_typediffuse-porous:climwinmean",0.00769194132229049,0.00439277896285286,0.000623936031626202,0.0147695627702861
"wood_typering-porous:climwinmean",0.00330426560231767,0.00135787202290646,0.00108831154852307,0.00555817103621241
