"term","estimate","std.error","conf.low","conf.high"
"(Intercept)",0.386484749323514,0.0944159002538637,0.230690269086125,0.549198631440879
"wood_typering-porous",0.0709126792941297,0.10691764211309,-0.110382363956986,0.24622809789933
"wood_typediffuse-porous:climwinmean",-0.00189337695076544,0.00538376481320382,-0.0112013878572094,0.0069665954180861
"wood_typering-porous:climwinmean",-0.0013250982081781,0.00244077689070841,-0.00532138588629701,0.00275781275302851
