"term","estimate","std.error","conf.low","conf.high"
"(Intercept)",0.385756590807461,0.0972337675363256,0.229151392828507,0.543031293737211
"wood_typering-porous",0.0719874035900716,0.105126227998507,-0.103329875827486,0.243876780353466
"wood_typediffuse-porous:climwinmean",-0.00209144611355518,0.00563417144671885,-0.0112001635809659,0.00694261465122597
"wood_typering-porous:climwinmean",-0.00138988562297691,0.00232851423564954,-0.00529609402349644,0.00246082079923286
