"term","estimate","std.error","conf.low","conf.high"
"(Intercept)",0.20917883372252,0.0216206262684785,0.173552068859031,0.244505069796139
"wood_typering-porous",0.368709433455336,0.0634734888224087,0.268995145674706,0.469983897870618
"wood_typediffuse-porous:climwinmean",-0.00340281345535872,0.00104385636013663,-0.00506280965454027,-0.00169493432774916
"wood_typering-porous:climwinmean",-0.0250361290024982,0.00448086377924895,-0.0323358751543608,-0.0179478977903724
