"term","estimate","std.error","conf.low","conf.high"
"(Intercept)",0.206750316153522,0.0222691781224858,0.170886959817472,0.243630269131663
"wood_typering-porous",0.376268029259656,0.0621558609954721,0.27499869055731,0.478102898376788
"wood_typediffuse-porous:climwinmean",-0.00329554433459677,0.00104402956034948,-0.00503324542640007,-0.00159319680373056
"wood_typering-porous:climwinmean",-0.0254909033045746,0.00445036359838382,-0.0326955949142408,-0.0182832220796253
