"term","estimate","std.error","conf.low","conf.high"
"(Intercept)",0.207159121420475,0.0220116209265741,0.170970521806526,0.24309080687308
"wood_typering-porous",0.403171556114797,0.0641097069245962,0.297160339612145,0.507387244836072
"wood_typediffuse-porous:climwinmean",-0.00330060192733595,0.0010242523726144,-0.00499213000871021,-0.00159113094135679
"wood_typering-porous:climwinmean",-0.0275356739416867,0.00451744239874607,-0.0350917483759072,-0.0200595569857392
