term,estimate,std.error,conf.low,conf.high
(Intercept),0.184255075,0.083974441,0.046206099,0.32837208
wood_typering-porous,0.184627376,0.087416801,0.038170654,0.330128519
wood_typediffuse-porous:climwinmean,0.0082814,0.004183725,0.001329186,0.015057214
wood_typering-porous:climwinmean,0.002971344,0.001262041,0.000793321,0.005070682
