"term","estimate","std.error","conf.low","conf.high"
"(Intercept)",0.369708297746326,0.0318770264482139,0.319775119157431,0.43444843638207
"wood_typering-porous",0.113668663258655,0.0469570467343973,0.0295005830106015,0.189384850476158
"wood_typediffuse-porous:climwinmean",-0.00359062604917119,0.00397062641262699,-0.0100929520962056,0.00285868498772241
"wood_typering-porous:climwinmean",-0.00858648354989585,0.00406968302313928,-0.0154360583424889,-0.00205231602689488
