"term","estimate","std.error","conf.low","conf.high"
"(Intercept)",0.1678514681554,0.0336120950604132,0.113561087647788,0.221715114302176
"wood_typering-porous",0.150997448120163,0.0529864285602044,0.065201220144287,0.236462318549347
"wood_typediffuse-porous:climwinmean",-0.00176119135208546,0.00169254641944359,-0.00443800369617748,0.000963508677020822
"wood_typering-porous:climwinmean",-0.00101090732509827,0.00202473459787393,-0.00432549173234197,0.00233692607146709
