"term","estimate","std.error","conf.low","conf.high"
"(Intercept)",0.265813045251326,0.0650725579911214,0.156088599031832,0.375269527838494
"wood_typering-porous",0.126053764627725,0.0701512620008924,0.00468429744809311,0.242028044468089
"wood_typediffuse-porous:climwinmean",0.00413307227733183,0.00325498415599284,-0.0011890484462205,0.00939831277671787
"wood_typering-porous:climwinmean",0.000847628803689497,0.00136378559746657,-0.00136712136464529,0.00310502994094439
