"term","estimate","std.error","conf.low","conf.high"
"(Intercept)",0.190398208988874,0.0544758485145443,0.100099921897586,0.279769064007359
"wood_typering-porous",-0.0108854163942464,0.0743057050618097,-0.1351601051151,0.113043376973582
"wood_typediffuse-porous:climwinmean",-0.00413741345975779,0.0040166842699769,-0.010696142521067,0.00244504111241823
"wood_typering-porous:climwinmean",0.00826773754777126,0.00334455175329815,0.0028082139559545,0.013869575146733
