"term","estimate","std.error","conf.low","conf.high"
"(Intercept)",0.380178720622168,0.0933100198194322,0.229140807513214,0.536803935622895
"wood_typering-porous",0.0790434324965532,0.103707169113874,-0.0956202895230981,0.242939898745219
"wood_typediffuse-porous:climwinmean",-0.00157813287375419,0.00536859400496524,-0.0105972511282736,0.00709769488596245
"wood_typering-porous:climwinmean",-0.00138233452823783,0.00241616108132217,-0.00555985557003207,0.00261254332127782
