"term","estimate","std.error","conf.low","conf.high"
"(Intercept)",0.384222523897867,0.0937971482286359,0.229732112350576,0.536958026778106
"wood_typering-porous",0.0718040519416122,0.102748420519577,-0.0999305053288493,0.240208846298031
"wood_typediffuse-porous:climwinmean",-0.00183010632025875,0.00542503999832387,-0.0109489520227141,0.00721266471867095
"wood_typering-porous:climwinmean",-0.00134976587155853,0.00243690372855751,-0.00540484010285888,0.00263816532249119
