"term","estimate","std.error","conf.low","conf.high"
"(Intercept)",0.382247488431453,0.0936557262528893,0.227392098772864,0.535004220025613
"wood_typering-porous",0.0737370361268633,0.100688554493168,-0.0968643407712751,0.242039019884864
"wood_typediffuse-porous:climwinmean",-0.00175957651132254,0.00532657722548249,-0.0106292687933163,0.00720365710257219
"wood_typering-porous:climwinmean",-0.00138949935361791,0.00246961567486737,-0.00553788498246481,0.00269213146662893
