"term","estimate","std.error","conf.low","conf.high"
"(Intercept)",0.217527798767136,0.0372626795653108,0.154574114235122,0.279021939212604
"wood_typering-porous",-0.0842813677305582,0.0516502444893509,-0.165846498551955,0.00199320420572113
"wood_typediffuse-porous:climwinmean",-0.00653248077668511,0.00284722157237373,-0.0113077809144446,-0.00168881423459442
"wood_typering-porous:climwinmean",0.0115939145206783,0.00227739827517292,0.00784303987213484,0.0153499363114484
