"term","estimate","std.error","conf.low","conf.high"
"(Intercept)",0.165373988845869,0.0232001789168422,0.127755472759727,0.203270626605768
"wood_typering-porous",0.135789301959062,0.0328240451311099,0.0820351761110486,0.190509609437111
"wood_typediffuse-porous:climwinmean",-0.00127383687479596,0.00115904433266048,-0.00315737558893235,0.000545009269571786
"wood_typering-porous:climwinmean",-0.00273168047507192,0.00116170056446267,-0.00464613228047207,-0.000801358068454985
