term,estimate,std.error,conf.low,conf.high
(Intercept),0.207244406,0.021180834,0.171230823,0.242816742
wood_typering-porous,0.390756463,0.063516066,0.285715419,0.495921311
wood_typediffuse-porous:climwinmean,-0.00329214,0.001006208,-0.004959765,-0.001607672
wood_typering-porous:climwinmean,-0.026695689,0.004576405,-0.034119257,-0.019153523
