term,estimate,std.error,conf.low,conf.high
(Intercept),0.167013639,0.023010646,0.12865677,0.204588819
wood_typering-porous,0.137192247,0.033187736,0.082406813,0.191135179
wood_typediffuse-porous:climwinmean,-0.001305852,0.001134409,-0.003167327,0.000575968
wood_typering-porous:climwinmean,-0.002859956,0.001216411,-0.004842073,-0.000884535
