"term","estimate","std.error","conf.low","conf.high"
"(Intercept)",0.216566970599395,0.0388705376761817,0.154083423892052,0.279464506008775
"wood_typering-porous",-0.0805193877589672,0.0492043776886599,-0.166304086937443,-0.0019913229259664
"wood_typediffuse-porous:climwinmean",-0.00648283667145732,0.00292653681898238,-0.0112357064388169,-0.0018760000949677
"wood_typering-porous:climwinmean",0.0115236661110812,0.00235817576534803,0.00777935750716727,0.0155619597369578
