"term","estimate","std.error","conf.low","conf.high"
"(Intercept)",0.161186558150888,0.0606439743312811,0.0570507233122395,0.261845514951748
"wood_typering-porous",0.111111256715627,0.0819384989104737,-0.023660674056612,0.249621164361277
"wood_typediffuse-porous:climwinmean",0.00776589559555549,0.00237541058272901,0.00379862517672292,0.0117947875235425
"wood_typering-porous:climwinmean",0.00551761466598531,0.00208373763126149,0.00209170764775247,0.00900615901868857
