"term","estimate","std.error","conf.low","conf.high"
"(Intercept)",0.217056142931067,0.0372219108121286,0.154704385919229,0.278193808314081
"wood_typering-porous",-0.083624891304715,0.0499818548776973,-0.165427506894792,0.000299538715070408
"wood_typediffuse-porous:climwinmean",-0.00649776324508034,0.00282084724413821,-0.0111875519950343,-0.0017788136066331
"wood_typering-porous:climwinmean",0.011620589375169,0.00228690095122105,0.00785723282485008,0.0153851391659255
