term,estimate,std.error,conf.low,conf.high
(Intercept),0.15891548,0.060957032,0.057453309,0.258285944
wood_typering-porous,0.083579745,0.078346383,-0.050228143,0.213091192
wood_typediffuse-porous:climwinmean,0.007869313,0.002319352,0.00402487,0.011713527
wood_typering-porous:climwinmean,0.006761338,0.001990403,0.003561371,0.010023643
