"term","estimate","std.error","conf.low","conf.high"
"(Intercept)",0.189619397051507,0.0849252307071564,0.0472857407193943,0.327698614336423
"wood_typering-porous",0.164268307719918,0.0886051679855819,0.020151100027328,0.311416948089821
"wood_typediffuse-porous:climwinmean",0.00811212522542228,0.00419397430776622,0.0012207169236586,0.0149622372705205
"wood_typering-porous:climwinmean",0.00340316140237951,0.000872825679194877,0.00196333075314776,0.00484849728137089
