"term","estimate","std.error","conf.low","conf.high"
"(Intercept)",0.167668309941863,0.0236841257863865,0.129503385035866,0.206786801123119
"wood_typering-porous",0.137194387467951,0.0339467093505347,0.0825886987704679,0.193650364750163
"wood_typediffuse-porous:climwinmean",-0.00137486335937021,0.00117060674115498,-0.00325305640158394,0.000505090829087248
"wood_typering-porous:climwinmean",-0.00289541041518387,0.00120146453191967,-0.00484787289546837,-0.000947082837914166
