"term","estimate","std.error","conf.low","conf.high"
"(Intercept)",0.192295538139432,0.0550245056281737,0.100998411510585,0.282495770960018
"wood_typering-porous",-0.0082275598096212,0.0746460569378514,-0.131010003046786,0.112124171762815
"wood_typediffuse-porous:climwinmean",-0.00431623782022916,0.00401346772220021,-0.0109170606454078,0.00234078703594157
"wood_typering-porous:climwinmean",0.00790509337085167,0.00343617432355722,0.00241745875659669,0.0134987355316406
