"term","estimate","std.error","conf.low","conf.high"
"(Intercept)",0.167851084231034,0.0231886757167219,0.130005118519777,0.206145276729876
"wood_typering-porous",0.135683372222294,0.033854030898647,0.0798590729042967,0.191135260030769
"wood_typediffuse-porous:climwinmean",-0.00135452903087132,0.00113284302037544,-0.00322551845642729,0.000520984012075127
"wood_typering-porous:climwinmean",-0.00280701997894332,0.00119916424618703,-0.00476744279935516,-0.000868401926702755
