"term","estimate","std.error","conf.low","conf.high"
"(Intercept)",0.218098271604105,0.0374286078644897,0.158289773769695,0.279249468463637
"wood_typering-porous",-0.084713588694855,0.04935300623183,-0.165949340886242,-0.00402311389349945
"wood_typediffuse-porous:climwinmean",-0.00657390493073663,0.00287353717793643,-0.011195127651979,-0.00201825197289411
"wood_typering-porous:climwinmean",0.0116358521948304,0.00227668879318548,0.00774005685141032,0.0153960907562267
