"term","estimate","std.error","conf.low","conf.high"
"(Intercept)",0.3867422619243,0.089571647890608,0.228694791503687,0.531823177364017
"wood_typering-porous",0.0654908262295594,0.0968484427600995,-0.0926647961486802,0.241490480083752
"wood_typediffuse-porous:climwinmean",-0.0018817051303956,0.0054779050791572,-0.0103766535325185,0.00746822347363965
"wood_typering-porous:climwinmean",-0.00130788107793602,0.00258383679554977,-0.00558656373433182,0.00271357271158315
