"term","estimate","std.error","conf.low","conf.high"
"(Intercept)",0.167852487382689,0.0232554931257064,0.130450482258845,0.205957522687485
"wood_typering-porous",0.134123615175787,0.0332885336891419,0.0790749723382017,0.189363478885614
"wood_typediffuse-porous:climwinmean",-0.00137694818769884,0.00116357751063101,-0.00327339163365099,0.000506654309379966
"wood_typering-porous:climwinmean",-0.00271599155768707,0.00118954644916771,-0.00465345086519797,-0.000802477733637346
